Organ,Protein_Name,Amino_Acid_Sequence,Sequence_Length
kidney,long-chain-fatty-acid--CoA,MQAHELFRYFRMPELVDFRQYVRTLPTNTLMGFGAFAALTTFWYATRPKPLKPPCDLSMQSVEVAGSGGARRSALLDSDEPLVYFYDDVTTLYEGFQRGIQVSNNGPCLGSRKPDQPYEWLSYKQVAELSECIGSALIQKGFKTAPDQFIGIFAQNRPEWVIIEQGCFAYSMVIVPLYDTLGNEAITYIVNKAELSLVFVDKPEKAKLLLEGVENKLIPGLKIIVVMDAYGSELVERGQRCGVEVTSMKAMEDLGRANRRKPKPPAPEDLAVICFTSGTTGNPKGAMVTHRNIVSDCSAFVKATENTVNPCPDDTLISFLPLAHMFERVVECVMLCHGAKIGFFQGDIRLLMDDLKVLQPTVFPVVPRLLNRMFDRIFGQANTTLKRWLLDFASKRKEAELRSGIIRNNSLWDRLIFHKVQSSLGGRVRLMVTGAAPVSATVLTFLRAALGCQFYEGYGQTECTAGCCLTMPGDWTAGHVGAPMPCNLIKLVDVEEMNYMAAEGEGEVCVKGPNVFQGYLKDPAKTAEALDKDGWLHTGDIGKWLPNGTLKIIDRKKHIFKLAQGEYIAPEKIENIYMRSEPVAQVFVHGESLQAFLIAIVVPDVETLCSWAQKRGFEGSFEELCRNKDVKKAILEDMVRLGKDSGLKPFEQVKGITLHPELFSIDNGLLTPTMKAKRPELRNYFRSQIDDLYSTIKV,698
kidney,E3,MIPLQKDNQEEGVCPICQESLKEAVSTNCGHLFCRVCLTQHVEKASASGVFCCPLCRKPCSEEVLGTGYICPNHQKRVCRFCEESRLLLCVECLVSPEHMSHHELTIENALSHYKERLNRRSRKLRKDIAELQRLKAQQEKKLQALQFQVDHGNHRLEAGPESQHQTREQLGALPQQWLGQLEHMPAEAARILDISRAVTQLRSLVIDLERTAKELDTNTLKNAGDLLNRSAPQKLEVIYPQLEKGVSELLLQPPQKL,258
heart,integrin,MAGARSRDPWGASGICYLFGSLLVELLFSRAVAFNLDVMGALRKEGEPGSLFGFSVALHRQLQPRPQSWLLVGAPQALALPGQQANRTGGLFACPLSLEETDCYRVDIDQGADMQKESKENQWLGVSVRSQGPGGKIVTCAHRYEARQRVDQILETRDMIGRCFVLSQDLAIRDELDGGEWKFCEGRPQGHEQFGFCQQGTAAAFSPDSHYLLFGAPGTYNWKGTARVELCAQGSADLAHLDDGPYEAGGEKEQDPRLIPVPANSYFGFSIDSGKGLVRAEELSFVAGAPRANHKGAVVILRKDSASRLVPEVMLSGERLTSGFGYSLAVADLNSDGWPDLIVGAPYFFERQEELGGAVYVYLNQGGHWAGISPLRLCGSPDSMFGISLAVLGDLNQDGFPDIAVGAPFDGDGKVFIYHGSSLGVVAKPSQVLEGEAVGIKSFGYSLSGSLDMDGNQYPDLLVGSLADTAVLFRARPILHVSHEVSIAPRSIDLEQPNCAGGHSVCVDLRVCFSYIAVPSSYSPTVDADTDRRLRGQVPRVTFLSRNLEEPKHQASGTVWLKHQHDRVCGDAMFQLQENVKDKLRAIVVTLSYSLQTPRLRRQAPGQGLPPVAPILNAHQPSTQRAEIHFLKQGCGEDKICQSNLQLVRARFCTRVSDTEFQPLPMDVDGTTALFALSGQPVIGLELMVTNLPSDPAQPQADGDDAHEAQLLVMLPDSLHYSGVRALDPAEKPLCLSNENASHVECELGNPMKRGAQVTFYLILSTSGISIETTELEVELLLATISEQELHPVSARARVFIELPLSIAGMAIPQQLFFSGVVRGERAMQSERDVGSKVKYEVTVSNQGQSLRTLGSAFLNIMWPHEIANGKWLLYPMQVELEGGQGPGQKGLCSPRPNILHLDVDSRDRRRRELEPPEQQEPGERQEPSMSWWPVSSAEKKKNITLDCARGTANCVVFSCPLYSFDRAAVLHVWGRLWNSTFLEEYSAVKSLEVIVRANITVKSSIKNLMLRDASTVIPVMVYLDPMAVVAEGVPWWVILLAVLAGLLVLALLVLLLWKMGFFKRAKHPEATVPQYHAVKIPREDRQQFKEEKTGTILRNNWGSPRREGPDAHPILAADGHPELGPDGHPGPGTA,1135
kidney,sarcoplasmic/endoplasmic,MENAHTKTVEEVLGHFGVNESTGLSLEQVKKLKERWGSNELPAEEGKTLLELVIEQFEDLLVRILLLAACISFERNAENAIEALKEYEPEMGKVYRQDRKSVQRIKAKDIVPGDIVEIAVGDKVPADIRLTSIKSTTLRVDQSILTGESVSVIKHTDPVPDPRAVNQDKKNMLFSGTNIAAGKAMGVVVATGVNTEIGKIRDEMVATEQERTPLQQKLDEFGEQLSKVISLICIAVWIINIGHFNDPVHGGSWIRGAIYYFKIAVALAVAAIPEGLPAVITTCLALGTRRMAKKNAIVRSLPSVETLGCTSVICSDKTGTLTTNQMSVCRMFILDRVEGDTCSLNEFTITGSTYAPIGEVHKDDKPVNCHQYDGLVELATICALCNDSALDYNEAKGVYEKVGEATETALTCLVEKMNVFDTELKGLSKIERANACNSVIKQLMKKEFTLEFSRDRKSMSVYCTPNKPSRTSMSKMFVKGAPEGVIDRCTHIRVGSTKVPMTSGVKQKIMSVIREWGSGSDTLRCLALATHDNPLRREEMHLEDSANFIKYETNLTFVGCVGMLDPPRIEVASSVKLCRQAGIRVIMITGDNKGTAVAICRRIGIFGQDEDVTSKAFTGREFDELNPSAQRDACLNARCFARVEPSHKSKIVEFLQSFDEITAMTGDGVNDAPALKKAEIGIAMGSGTAVAKTASEMVLADDNFSTIVAAVEEGRAIYNNMKQFIRYLISSNVGEVVCIFLTAALGFPEALIPVQLLWVNLVTDGLPATALGFNPPDLDIMNKPPRNPKEPLISGWLFFRYLAIGCYVGAATVGAAAWWFIAADGGPRVSFYQLSHFLQCKEDNPDFEGVDCAIFESPYPMTMALSVLVTIEMCNALNSLSENQSLLRMPPWENIWLVGSICLSMSLHFLILYVEPLPLIFQITPLNVTQWLMVLKISLPVILMDETLKFVARNYLEPGKECVQPATKSCSFSACTDGISWPFVLLIMPLVIWVYSTDTNFSDMFWS,1007
kidney,RecName:,MKIDIHSHILPKEWPDLKKRFGYGGWVQLQHHSKGEAKLLKDGKVFRVVRENCWDPEVRIREMDQKGVTVQALSTVPVMFSYWAKPEDTLNLCQLLNNDLASTVVSYPRRFVGLGTLPMQAPELAVKEMERCVKELGFPGVQIGTHVNEWDLNAQELFPVYAAAERLKCSLFVHPWDMQMDGRMAKYWLPWLVGMPAETTIAICSMIMGGVFEKFPKLKVCFAHGGGAFPFTVGRISHGFSMRPDLCAQDNPMNPKKYLGSFYTDALVHDPLSLKLLTDVIGKDKVILGTDYPFPLGELEPGKLIESMEEFDEETKNKLKAGNALAFLGLERKQFE,336
kidney,sodium/hydrogen,MWGLGARGPDRGLLLALALGGLARAGGVEVEPGGAHGESGGFQVVTFEWAHVQDPYVIALWILVASLAKIGFHLSHKVTSVVPESALLIVLGLVLGGIVWAADHIASFTLTPTVFFFYLLPPIVLDAGYFMPNRLFFGNLGTILLYAVVGTVWNAATTGLSLYGVFLSGLMGDLQIGLLDFLLFGSLMAAVDPVAVLAVFEEVHVNEVLFIIVFGESLLNDAVTVVLYNVFESFVALGGDNVTGVDCVKGIVSFFVVSLGGTLVGVVFAFLLSLVTRFTKHVRIIEPGFVFIISYLSYLTSEMLSLSAILAITFCGICCQKYVKANISEQSATTVRYTMKMLASSAETIIFMFLGISAVNPFIWTWNTAFVLLTLVFISVYRAIGVVLQTWLLNRYRMVQLEPIDQVVLSYGGLRGAVAFALVVLLDGDKVKEKNLFVSTTIIVVFFTVIFQGLTIKPLVQWLKVKRSEHREPRLNEKLHGRAFDHILSAIEDISGQIGHNYLRDKWSHFDRKFLSRVLMRRSAQKSRDRILNVFHELNLKDAISYVAEGERRGSLAFIRSPSTDNVVNVDFTPRSSTVEASVSYLLRENVSAVCLDMQSLEQRRRSIRDAEDMVTHHTLQQYLYKPRQEYKHLYSRHELTPTEDEKQDREIFHRTMRKRLESFKSTKLGLNQNKKAAKLYKRERAQKRRNSSIPNGKLPMESPAQNFTIKEKDLELSDTEEPPNYDEEMSGGIEFLASVTKDTASDSPAGIDNPVFSPDEALDRSLLARLPPWLSPGETVVPSQRARTQIPYSPGTFCRLMPFRLSSKSVDSFLQADGPEERPPAALPESTHM,834
kidney,RecName:,MAEPQAESEPLLGGARGGGGDWPAGLTTYRSIQVGPGAAARWDLCIDQAVVFIEDAIQYRSINHRVDASSMWLYRRYYSNVCQRTLSFTIFLILFLAFIETPSSLTSTADVRYRAAPWEPPCGLTESVEVLCLLVFAADLSVKGYLFGWAHFQKNLWLLGYLVVLVVSLVDWTVSLSLVCHEPLRIRRLLRPFFLLQNSSMMKKTLKCIRWSLPEMASVGLLLAIHLCLFTMFGMLLFAGGKQDDGQDRERLTYFQNLPESLTSLLVLLTTANNPDVMIPAYSKNRAYAIFFIVFTVIGSLFLMNLLTAIIYSQFRGYLMKSLQTSLFRRRLGTRAAFEVLSSMVGEGGAFPQAVGVKPQNLLQVLQKVQLDSSHKQAMMEKVRSYGSVLLSAEEFQKLFNELDRSVVKEHPPRPEYQSPFLQSAQFLFGHYYFDYLGNLIALANLVSICVFLVLDADVLPAERDDFILGILNCVFIVYYLLEMLLKVFALGLRGYLSYPSNVFDGLLTVVLLVLEISTLAVYRLPHPGWRPEMVGLLSLWDMTRMLNMLIVFRFLRIIPSMKLMAVVASTVLGLVQNMRAFGGILVVVYYVFAIIGINLFRGVIVALPGNSSLAPANGSAPCGSFEQLEYWANNFDDFAAALVTLWNLMVVNNWQVFLDAYRRYSGPWSKIYFVLWWLVSSVIWVNLFLALILENFLHKWDPRSHLQPLAGTPEATYQMTVELLFRDILEEPGEDELTERLSQHPHLWLCR,752
liver,Chain,EGDIHMKKGHHHHHHENLYFQGGSGKLSEQLKHCNGILKELLSKKHAAYAWPFYKPVDASALGLHDYHDIIKHPMDLSTVKRKMENRDYRDAQEFAADVRLMFSNCYKYNPPDHDVVAMARKLQDVFEFRYAKMPD,136
kidney,Golgi-associated,MGKSASKQFHNEVLKAHNEYRQKHGVPPLKLCKNLNREAQQYSEALASTRILKHSPESSRGQCGENLAWASYDQTGKEVADRWYSEIKNYNFQQPGFTSGTGGL,104
kidney,focal,MEMLLMSGYELRIRYLPKGFLNQFTEDKPTLNFFYQQVKSDYMLEIADQVDQEIALKLGCLEIRKDVGLKRFFPKSLLDSVKAKTLRKLIQQTFRQFANLNREESILKFFEILSPVYRFDKECFKCALGSSWIISVELAIGPEEGISYLTDKGCNPLTVTAPSLTIAENMADLIDGYCRLVNGTSQSFIIRPQKEGERALPSIPKLANSEKQGMRTHAVSVSDEISGDETDDYAEIIDEEDTYTMPSKSYGIDEARDYEIQRERIELGRCIGEGQFGDVHQGIYMSPENPALAVAIKTCKNCTSDSVREKFLQEALTMRQFDHPHIVKLIGVITENPVWIIMELCTLGELRSFLQVRKYSLDLASLILYAYQLSTALAYLESKRFVHRDIAARNVLVSSNDCVKLGDFGLSRYMEDSTYYKASKGKLPIKWMAPESINFRRFTSASDVWMFGVCMWEILMHGVKPFQGVKNNDVIGRIENGERLPMPPNCPPTLYSLMTKCWAYDPSRRPRFTELKAQLSTILEEEKAQQEERMRMESRRQATVSWDSGGSDEAPPKPSRPGYPSPRSSEGFYPSPQHMVQTNHYQVSGYPGSHGITAMAGSIYPGQASLLDQTDSWNHRPQEIAMWQPNVEDSTVLDLRGIGQVLPTHLMEERLIRQQQEMEEDQRWLEKEERFLKPDVRLSRGSIDREDGSLQGPIGNQHIYQPVGKPDPAAPPKKPPRPGAPGHLGSLASLSSPADSYNEGVKPWRLQPQEISPPPTANLDRSNDKVYENVTGLVKAVIEMSSKIQPAPPEEYVPMVKEVGLALRTLLATVDETIPLLPASTHREIEMAQKLLNSDLGELINKMKLAQQYVMTSLQQEYKKQMLTAAHALAVDAKNLLDVIDQARLKMLGQTRPH,898
liver,RecName:,MGENEASLPNTSLQGKKMAYQKVHADQRAPGHSQYLDNDDLQATALDLEWDMEKELEESGFDQFQLDGAENQNLGHSETIDLNLDSIQPATSPKGRFQRLQEESDYITHYTRSAPKSNRCNFCHVLKILCTATILFIFGILIGYYVHTNCPSDAPSSGTVDPQLYQEILKTIQAEDIKKSFRNLVQLYKNEDDMEISKKIKTQWTSLGLEDVQFVNYSVLLDLPGPSPSTVTLSSSGQCFHPNGQPCSEEARKDSSQDLLYSYAAYSAKGTLKAEVIDVSYGMADDLKRIRKIKNVTNQIALLKLGKLPLLYKLSSLEKAGFGGVLLYIDPCDLPKTVNPSHDTFMVSLNPGGDPSTPGYPSVDESFRQSRSNLTSLLVQPISAPLVAKLISSPKARTKNEACSSLELPNNEIRVVSMQVQTVTKLKTVTNVVGFVMGLTSPDRYIIVGSHHHTAHSYNGQEWASSTAIITAFIRALMSKVKRGWRPDRTIVFCSWGGTAFGNIGSYEWGEDFKKVLQKNVVAYISLHSPIRGNSSLYPVASPSLQQLVVEKNNFNCTRRAQCPETNISSIQIQGDADYFINHLGVPIVQFAYEDIKTLEGPSFLSEARFSTRATKIEEMDPSFNLHETITKLSGEVILQIANEPVLPFNALDIALEVQNNLKGDQPNTHQLLAMALRLRESAELFQSDEMRPANDPKERAPIRIRMLNDILQDMEKSFLVKQAPPGFYRNILYHLDEKTSRFSILIEAWEHCKPLASNETLQEALSEVLNSINSAQVYFKAGLDVFKSVLDGKN,795
kidney,acyl-CoA-binding,MLFIYGHYKQATVGDINTERPGMLDFTGKAKWDAWNELKGTSKEDAMKAYINKVEELKKKYGI,63
kidney,mitochondrial,MLSATRRACQLLLLHSLFPVPRMGNSASNIVSPQEALPGRKEQTPVAAKHHVNGNRTVEPFPEGTQMAVFEKTGHAEVVRVVYQPEHMSFEELLKVFWENHDPTQGMRQGNDHGTQYRSAIYPTSAKQMEAALSSKENYQKVLSEHGFGPITTDIREGQTFYYAEDYHQQYLSKNPNGYCGLGGTGVSCPVGIKK,195
kidney,EKC/KEOPS,MQLTHQLDLFPECRIVDPFQILVAANKAVHLYKLGKMKTRTLSTEIIFNLSPNNNISEALKKFGISANDTSILIVYIEEGEKQINQEYLISQVEGHQVSLKNLPEIMNITEVKKIYKLSSQEESIGTLLDAIICRMSTKDVL,142
kidney,RecName:,MAHYNFKKITVVPSAKDFIDLTLSKTQRKTPTVIHKHYQIHRIRHFYMRKVKFTQQNYHDRLSQILTDFPKLDDIHPFYADLMNILYDKDHYKLALGQINIAKNLVDNVAKDYVRLMKYGDSLYRCKQLKRAALGRMCTVIKRQKQSLEYLEQVRQHLSRLPTIDPNTRTLLLCGYPNVGKSSFINKVTRADVDVQPYAFTTKSLFVGHMDYKYLRWQVVDTPGILDHPLEDRNTIEMQAITALAHLRAAVLYVMDLSEQCGHGLREQLELFQNIRPLFINKPLIVVANKCDVKRIAELSEDDQKIFTDLQSEGFPVIETSTLTEEGVIKVKTEACDRLLAHRVETKMKGNKVNEVLNRLHLAIPTRRDDKERPPFIPEGVVARRKRMETEESRKKRERDLELEMGDDYILDLQKYWDLMNLSEKHDKIPEIWEGHNIADYIDPAIMKKLEELEKEEELRTAAGEYDSVSESEDEEMLEIRQLAKQIREKKKLKILESKEKNTQGPRMPRTAKKVQRTVLEKEMRSLGVDMDDKDDAHYAVQARRSRSITRKRKREDSAPPSSVARSGSCSRTPRDVSGLRDVKMVKKAKTMMKNAQKKMNRLGKKGEADRHVFDMKPKHLLSGKRKAGKKDRR,634
kidney,small,MTVGKSSKMLQHIDYRMRCILQDGRIFIGTFKAFDKHMNLILCDCDEFRKIKPKNAKQPEREEKRVLGLVLLRGENLVSMTVEGPPPKDTGIARVPLAGAAGGPGVGRAAGRGVPAGVPIPQAPAGLAGPVRGVGGPSQQVMTPQGRGTVAAAAVAATASIAGAPTQYPPGRGTPPPPVGRATPPPGIMAPPPGMRPPMGPPIGLPPARGTPIGMPPPGMRPPPPGIRGMRPPRP,235
brain,RecName:,MGTFDLWTDYLGLAHLVRALSGKEGPETRLSPQPEPEPMLEPDQKRSLESSPAPERLCSFCKHNGESRAIYQSHVLKDEAGRVLCPILRDYVCPQCGATRERAHTRRFCPLTGQGYTSVYSHTTRNSAGKKLVRPDKAKTQDTGHRRGGGGGAGFRGAGKSEPSPSCSPSMST,173
kidney,somatostatin,MDMADEPLNGSHTWLSIPFDLNGSVVSTNTSNQTEPYYDLTSNAVLTFIYFVVCIIGLCGNTLVIYVILRYAKMKTITNIYILNLAIADELFMLGLPFLAMQVALVHWPFGKAICRVVMTVDGINQFTSIFCLTVMSIDRYLAVVHPIKSAKWRRPRTAKMITMAVWGVSLLVILPIMIYAGLRSNQWGRSSCTINWPGESGAWYTGFIIYTFILGFLVPLTIICLCYLFIIIKVKSSGIRVGSSKRKKSEKKVTRMVSIVVAVFIFCWLPFYIFNVSSVSMAISPTPALKGMFDFVVVLTYANSCANPILYAFLSDNFKKSFQNVLCLVKVSGTDDGERSDSKQDKSRLNETTETQRTLLNGDLQTSI,369
kidney,RecName:,MSPARRCRGMRAAVAASVGLSEGPAGSRSGRLFRPPSPAPAAPGARLLRLPGSGAVQAASPERAGWTEALRAAVAELRAGAVVAVPTDTLYGLACAASCSAALRAVYRLKGRSEAKPLAVCLGRVADVYRYCRVRVPEGLLKDLLPGPVTLVMERSEELNKDLNPFTPLVGIRIPDHAFMQDLAQMFEGPLALTSANLSSQASSLNVEEFQDLWPQLSLVIDGGQIGDGQSPECRLGSTVVDLSVPGKFGIIRPGCALESTTAILQQKYGLLPSHASYL,279
muscle,Chain,SRRYDSRTTIFSPEGRLYQVEYAMEAIGHAGTCLGILANDGVLLAAERRNIHKLLDEVFFSEKIYKLNEDMACSVAGITSDANVLTNELRLIAQRYLLQYQEPIPCEQLVTALCDIKQAYTQFGGKRPFGVSLLYIGWDKHYGFQLYQSDPSGNYGGWKATCIGNNSAAAVSMLKQDYKEGEMTLKSALALAIKVLNKTMDVSKLSAEKVEIATLTRENGKTVIRVLKQKEVEQLIKKHEEEEAKAEREKKEKEQKEKDK,260
kidney,Chain,LSSSPSEILQELGKGSTHPQPGVSPPAAPAAPGPKDGPGETDAFGNSEGKELVASGENKIKQGLLPSLEDLLFYTIAEGQEKIPVHKFITALKSTGLRTSDPRLKECMDMLRLTLQTTSDGVMLDKDLFKKCVQSNIVLLTQAFRRKFVIPDFMSFTSHIDELYESAKKQSGGKVADYIPQLAKFSPDLWGVSVCTADGQRHSTGDTKVPFCLQSCVKPLKYAIAVNDLGTEYVHRYVGKEPSGLRFNKLFLNEDDKPHNPMVNAGAIVVTSLIKQGVNNAEKFDYVMQFLNKMAGNEYVGFSNATFQSERESGDRNFAIGYYLKEKKCFPEGTDMVGILDFYFQLCSIEVTCESASVMAATLANGGFCPITGERVLSPEAVRNTLSLMHSCGMYDFSGQFAFHVGLPAKSGVAGGILLVVPNVMGMMCWSPPLDKMGNSVKGIHFCHDLVSLCNFHNYDNLRHFAKKLDPRREGGDQRHSFGPLDYESLQQELALKETVWKKVSPESNEDISTTVVYRMESLGEKS,527
heart,liprin-alpha-2,MIFSDMNTVSGSPKVHPPNGTRFYTFQEFAALTKELNACREQLLEKEEEISELKAERNNTRLLLEHLECLVSRHERSLRMTVVKRQAQSPSGVSSEVEVLKALKSLFEHHKALDEKIVALREQNVHIQRKMASSEGSTESEHLEGMEPGQKVHEKRLSNGSIDSTDETSQIVELQELLEKQNYEMAQMKERLAALSSRVGEVEQEAETARKDLIKTEEMNTKYQRDIREAMAQKEDMEERITTLEKRYLSAQRESTSIHDMNDKLENELANKEAILRQMEEKNRQLQERLELAEQKLQQTMRKAETLPEVEAELAQRIAALTKAEERHGNIEERMRHLEGQLEEKNQELQRARQREKMNEEHNKRLSDTVDRLLTESNERLQLHLKERMAALEEKNVLIQESETFRKNLEESLHDKERLAEEIEKLRSELDQLKMRTGSLIEPTIPRTHLDTSAELRYSVGSLVDSQSDYRTTKVIRRPRRGRMGVRRDEPKVKSLGDHEWNRTQQIGVLSSHPFESDTEMSDIDDDDRETIFSSMDLLSPSGHSDAQTLAMMLQEQLDAINKEIRLIQEEKESTELRAEEIENRVASVSLEGLNLARVHPGTSITASVTASSLASSSPPSGHSTPKLTPRSPAREMDRMGVMTLPSDLRKHRRKIAVVEEDGREDKATIKCETSPPPTPRALRMTHTLPSSYHNDARSSLSVSLEPESLGLGSANSSQDSLHKAPKKKGIKSSIGRLFGKKEKARLGQLRGFMETEAAAQESLGLGKLGTQAEKDRRLKKKHELLEEARRKGLPFAQWDGPTVVAWLELWLGMPAWYVAACRANVKSGAIMSALSDTEIQREIGISNPLHRLKLRLAIQEMVSLTSPSAPPTSRTPSGNVWVTHEEMENLAAPAKTKESEEGSWAQTLAYGDMNHEWIGNEWLPSLGLPQYRSYFMECLVDARMLDHLTKKDLRVHLKMVDSFHRTSLQYGIMCLKRLNYDRKELERRREASQHEIKDVLVWSNDRVIRWIQAIGLREYANNILESGVHGSLIALDENFDYSSLALLLQIPTQNTQARQILEREYNNLLALGTERRLDESDDKNFRRGSTWRRQFPPREVHGISMMPGSSETLPAGFRLTTTSGQSRKMTTDVASSRLQRLDNSTVRTYSC,1152
kidney,solute,MAGEENFKEELRSQDASRNLNQHEVAGHPHSWSLEMLLRRLRAVHTKQDDKFANLLDAVGEFGTFQQRLVALTFIPSIMSAFFMFADHFVFTAQKPYCNTSWILAVGPHLSKAEQLNLTIPQAPNGSFLTCFMYLPVPWNLDSIIQFGLNDTDTCQDGWIYPDAKKRSLINEFDLVCGMETKKDTAQIMFMAGLPIGSLIFRLITDKMGRYPAILLSLLGLIIFGFGTAFMNSFHLYLFFRFGISQSVVGYAISSISLATEWLVGEHRAHAIILGHCFFAVGAVLLTGIAYSLPHWQLLFLVGGILVIPFISYIWILPESPRWLMMKGKVKEAKQVLCYAASVNKKTIPSNLLDELQLPRKKVTRASVLDFCKNRQLCKVTLVMSCVWFTVSYTYFTLSLRMRELGVSVHFRHVVPSIMEVPARLCCIFLLQQIGRKWSLAVTLLQAIIWCLLLLFLPEGEDGLRLKWPRCPATELKSMTILVLMLREFSLAATVTVFFLYTAELLPTVLRATGLGLVSLASVAGAILSLTIISQTPSLLPIFLCCVLAIVAFSLSSLLPETRDQPLSESLNHSSQIRNKVKDMKTKETSSDDV,594
muscle,tropomyosin,MAGITTIEAVKRKIQVLQQQADDAEERAERLQREVEGERRAREQAEAEVASLNRRIQLVEEELDRAQERLATALQKLEEAEKAADESERGMKVIENRALKDEEKMELQEIQLKEAKHIAEEADRKYEEVARKLVIIEGDLERTEERAELAESRCREMDEQIRLMDQNLKCLSAAEEKAETRAEFAERSVAKLEKTIDDLEDKLKCTKEEHLCTQRMLDQTLLDLNEM,227
brain,RecName:,MNGEAICSALPTIPYHKLADLRYLSRGASGTVSSARHADWRVQVAVKHLHIHTPLLDSERKDVLREAEILHKARFSYILPILGICNEPEFLGIVTEYMPNGSLNELLHRKTEYPDVAWPLRFRILHEIALGVNYLHNMTPPLLHHDLKTQNILLDNEFHVKIADFGLSKWRMMSLSQSRSSKSAPEGGTIIYMPPENYEPGQKSRASIKHDIYSYAVITWEVLSRKQPFEDVTNPLQIMYSVSQGHRPVINEESLPYDIPHRARMISLIESGWAQNPDERPSFLKCLIELEPVLRTFEEITFLEAVIQLKKTKLQSVSSAIHLCDKKKMELSLNIPVNHGPQEESCGSSQLHENSGSPETSRSLPAPQDNDFLSRKAQDCYFMKLHHCPGNHSWDSTISGSQRAAFCDHKTTPCSSAIINPLSTAGNSERLQPGIAQQWIQSKREDIVNQMTEACLNQSLDALLSRDLIMKEDYELVSTKPTRTSKVRQLLDTTDIQGEEFAKVIVQKLKDNKQMGLQPYPEILVVSRSPSLNLLQNKSM,540
brain,Chain,GAMGSDEQPHIGNYRLLKTLGKGNFAKVKRARHILTGREVAIKIIDKTQLNPTSLQKLFREVRIMKILNHPNIIKLFEVIETEKTLYLIMEYASKGEVYDYLVEHGRMKEKEARSKFRQIVSAVQYCHQKRIVHRDLKAENLLLDADMNIKIADFGFSNEFTKGGKLDTFCGSPPYAAPELFQGKKYDGPEVDVWSLGVILYTLVSGSLPFDGQNLKELRERVLRGKYRIPFYMSTDCENLLKRFLVLNPIKRGTLEQIMKDRWINAGHEEDELKPFVEPELDISDQKRIDIMVGMGYSQEEIQESLSKMKYDEITATYLLLGRKSSE,328
muscle,RecName:,MNINDGGRRRFEDNEHTLRIYPGAISEGTIYCPIPARKNSTAAEVIESLINKLHLDKTKCYVLAEVKEFGGEEWILNPTDCPVQRMMLWPRMALENRLSGEDYRFLLREKNLDGSIHYGSLQSWLRVTEERRRMMERGFLPQPQQKDFDDLCSLPDLNEKTLLENLRNRFKHEKIYTYVGSILIVINPFKFLPIYNPKYVKMYDNHQLGKLEPHIYAVADVAYHAMLQRKKNQCIVISGESGSGKTQSTNFLIHHLTALSQKGFASGVEQIILGAGPVLEAFGNAKTAHNNNSSRFGKFIQVNYQETGTVLGAYVEKYLLEKSRLVYQEHNERNYHVFYYLLAGASEDERSAFHLKQPEEYHYLNQITKKPLRQSWDDYCYDSEPDCFTVEGEDLRHDFERLQLAMEMVGFLPKTRRQIFSLLSAILHLGNICYKKKTYRDDSIDICNPEVLPIVSELLEVKEEMLFEALVTRKTVTVGEKLILPYKLAEAVTVRNSMAKSLYSALFDWIVFRINHALLNSKDLEHNTKTLSIGVLDIFGFEDYENNSFEQFCINFANERLQHYFNQHIFKLEQEEYRTEGISWHNIDYIDNTCCINLISKKPTGLLHLLDEESNFPQATNQTLLDKFKHQHEDNSYIEFPAVMEPAFIIKHYAGKVKYGVKDFREKNTDHMRPDIVALLRSSKNAFISGMIGIDPVAVFRWAILRAFFRAMVAFREAGKRNIHRKTGHDDTAPCAILKSMDSFSFLQHPVHQRSLEILQRCKEEKYSITRKNPRTPLSDLQGMNALNEKNQHDTFDIAWNGRTGIRQSRLSSGTSLLDKDGIFANSTSSKLLERAHGILTRNKNFKSKPALPKHLLEVNSLKHLTRLTLQDRITKSLLHLHKKKKPPSISAQFQASLSKLMETLGQAEPYFVKCIRSNAEKLPLRFSDVLVLRQLRYTGMLETVRIRQSGYSSKYSFQDFVSHFHVLLPRNIIPSKFNIQDFFRKINLNPDNYQVGKTMVFLKEQERQHLQDLLHQEVLRRIILLQRWFRVLLCRQHFLHLRQASVIIQRFWRNYLNQKQVRDAAVQKDAFVMASAAALLQASWRAHLERQRYLELRAAAIVIQQKWRDYYRRRHMAAICIQARWKAYRESKRYQEQRKKIILLQSTCRGFRARQRFKALKEQRLRETKPEVGLVNIKGYGSLEIQGSDPSGWEDCSFDNRIKAIEECKSVIESNRISRESSVDCLKESPNKQQERAQSQSGVDLQEDVLVRERPRSLEDLHQKKVGRAKRESRRMRELEQAIFSLELLKVRSLGGISPSEDRRWSTELVPEGLQSPRGTPDSESSQGSLELLSYEESQKSKLESVISDEGDLQFPSPKISSSPKFDSRDNALSASNETSSAEHLKDGTMKEMVVCSSESITCKPQLKDSFISNSLPTFFYIPQQDPLKTNSQLDTSIQRNKLLENEDTAGEALTLDINRETRRYHCSGKDQIVPSLNTESSNPVLKKLEKLNTEKEERQKQLQQQNEKEMMEQIRQQTDILEKERKAFKTIEKPRIGECLVAPSSYQSKQRVERPSSLLSLNTSNKGELNVLGSLSLKDAALAQKDSSSAHLPPKDRPVTVFFERKGSPCQSSTVKELSKTDRMGTQLNVACKLSNNRISKREHFRPTQSYSHNSDDLSREGNARPIFFTPKDNMSIPLVSKEALNSKNPQLHKEDEPAWKPVKLAGPGQRETSQRFSSVDEQAKLHKTMSQGEITKLAVRQKASDSDIRPQRAKMRFWAKGKQGEKKTTRVKPTTQSEVSPLFAGTDVIPAHQFPDELAAYHPTPPLSPELPGSCRKEFKENKEPSPKAKRKRSVKISNVALDSMHWQNDSVQIIASVSDLKSMDEFLLKKVNDLDNEDSKKDTLVDVVFKKALKEFRQNIFSFYSSALAMDDGKSIRYKDLYALFEQILEKTMRLEQRDSLGESPVRVWVNTFKVFLDEYMNEFKTSDCTATKVPKTERKKRRKKETDLVEEHNGHIFKATQYSIPTYCEYCSSLIWIMDRASVCKLCKYACHKKCCLKTTAKCSKKYDPELSSRQFGVELSRLTSEDRTVPLVVEKLINYIEMHGLYTEGIYRKSGSTNKIKELRQGLDTDAESVNLDDYNIHVIASVFKQWLRDLPNPLMTFELYEEFLRAMGLQERKETIRGVYSVIDQLSRTHLNTLERLIFHLVRIALQEDTNRMSANALAIVFAPCILRCPDTTDPLQSVQDISKTTTCVELIVVEQMNKYKARLKDISSLEFAENKAKTRLSLIRRSMGKGRIRRGNYPGPSSPVVVRLPSVSDVSEETLTSEAAMETDITEQQQAAMQQEERVLTEQIENLQKEKEELTFEMLVLEPRASDDETLESEASIGTADSSENLNMESEYAISEKSERSLALSSLKTAGKSEPSSKLRKQLKKQQDSLDVVDSSVSSLCLSNTASSHGTRKLFQIYSKSPFYRAASGNEALGMEGPLGQTKFLEDKPQFISRGTFNPEKGKQKLKNVKNSPQKTKETPEGTVMSGRRKTVDPDCTSNQQLALFGNNEFMV,2548
brain,Chain,FPEEAPGPGGAGGPGGGLGGARPLNVALVFSGPAYAAEAARLGPAVAAAVRSPGLDVRPVALVLNGSDPRSLVLQLCDLLSGLRVHGVVFEDDSRAPAVAPILDFLSAQTSLPIVAVHGGAALVLTPKEKGSTFLQLGSSTEQQLQVIFEVLEEYDWTSFVAVTTRAPGHRAFLSYIEVLTDGSLVGWEHRGALTLDPGAGEAVLSAQLRSVSAQIRLLFCAREEAEPVFRAAEEAGLTGSGYVWFMVGPQLAGGGGSGAPGEPPLLPGGAPLPAGLFAVRSAGWRDDLARRVAAGVAVVARGAQALLRDYGFLPELGHDCRAQNRTHRGESLHRYFMNITWDNRDYSFNEDGFLVNPSLVVISLTRDRTWEVVGSWEQQTLRLKYPLWSRYGRFLQPVDDTQHLTVATLEERPFVIVEPADPISGTCIRDSVPCRSQLNRTHSPPPDAPRPEKRCCKGFCIDILKRLAHTIGFSYDLYLVTNGKHGKKIDGVWNGMIGEVFYQRADMAIGSLTINEERSEIVDFSVPFVETGISVMVARSNGTVSPSAFLEPYSPAVWVMMFVMCLTVVAVTVFIFEYLSPVGYNRSLATGKRPGGSTFTIGKSIWLLWALVFNNSVPVENPRGTTSKIMVLVWAFFAVIFLASYTANLAAFMIQEEYVDTVSGLSDRKFQRPQEQYPPLKFGTVPNGSTEKNIRSNYPDMHSYMVRYNQPRVEEALTQLKAGKLDAFIYDAAVLNYMARKDEGCKLVTIGSGKVFATTGYGIALHKGSRWKRPIDLALLQFLGDDEIEMLERLWLSGICHNDKIEVMSSKLDIDNMAGVFYMLLVAMGLSLLVFAWEHLVYWRLRHCLGPTETSQVAPA,861
kidney,RecName:,MSSTSPNLQKAIDLASKAAQEDKAGNYEEALQLYQHAVQYFLHVVKYEAQGDKAKQSIRAKCTEYLDRAEKLKEYLKNKEKKAQKPVKEGQPSPADEKGNDSDGEGESDDPEKKKLQNQLQGAIVIERPNVKWSDVAGLEGAKEALKEAVILPIKFPHLFTGKRTPWRGILLFGPPGTGKSYLAKAVATEANNSTFFSISSSDLVSKWLGESEKLVKNLFQLARENKPSIIFIDEIDSLCGSRSENESEAARRIKTEFLVQMQGVGVDNDGILVLGATNIPWVLDSAIRRRFEKRIYIPLPEPHARAAMFKLHLGTTQNSLTEADFRELGRKTDGYSGADISIIVRDALMQPVRKVQSATHFKKVRGPSRADPNHLVDDLLTPCSPGDPGAIEMTWMDVPGDKLLEPVVSMSDMLRSLSNTKPTVNEHDLLKLKKFTEDFGQEG,444
kidney,huntingtin,MATLEKLMKAFESLKSFQQQQQQQQQQQQQQQQQQQQQQQPPPPPPPPPPPQLPQPPPQAQPLLPQPQPPPPPPPPPPGPAVAEEPLHRPKKELSATKKDRVNHCLTICENIVAQSVRNSPEFQKLLGIAMELFLLCSDDAESDVRMVADECLNKVIKALMDSNLPRLQLELYKEIKKNGAPRSLRAALWRFAELAHLVRPQKCRPYLVNLLPCLTRTSKRPEESVQETLAAAVPKIMASFGNFANDNEIKVLLKAFIANLKSSSPTIRRTAAGSAVSICQHSRRTQYFYSWLLNVLLGLLVPVEDEHSTLLILGVLLTLRYLVPLLQQQVKDTSLKGSFGVTRKEMEVSPSAEQLVQVYELTLHHTQHQDHNVVTGALELLQQLFRTPPPELLQTLTAVGGIGQLTAAKEESGGRSRSGSIVELIAGGGSSCSPVLSRKQKGKVLLGEEEALEDDSESRSDVSSSALTASVKDEISGELAASSGVSTPGSAGHDIITEQPRSQHTLQADSVDLASCDLTSSATDGDEEDILSHSSSQVSAVPSDPAMDLNDGTQASSPISDSSQTTTEGPDSAVTPSDSSEIVLDGTDNQYLGLQIGQPQDEDEEATGILPDEASEAFRNSSMALQQAHLLKNMSHCRQPSDSSVDKFVLRDEATEPGDQENKPCRIKGDIGQSTDDDSAPLVHCVRLLSASFLLTGGKNVLVPDRDVRVSVKALALSCVGAAVALHPESFFSKLYKVPLDTTEYPEEQYVSDILNYIDHGDPQVRGATAILCGTLICSILSRSRFHVGDWMGTIRTLTGNTFSLADCIPLLRKTLKDESSVTCKLACTAVRNCVMSLCSSSYSELGLQLIIDVLTLRNSSYWLVRTELLETLAEIDFRLVSFLEAKAENLHRGAHHYTGLLKLQERVLNNVVIHLLGDEDPRVRHVAAASLIRLVPKLFYKCDQGQADPVVAVARDQSSVYLKLLMHETQPPSHFSVSTITRIYRGYNLLPSITDVTMENNLSRVIAAVSHELITSTTRALTFGCCEALCLLSTAFPVCIWSLGWHCGVPPLSASDESRKSCTVGMATMILTLLSSAWFPLDLSAHQDALILAGNLLAASAPKSLRSSWASEEEANPAATKQEEVWPALGDRALVPMVEQLFSHLLKVINICAHVLDDVAPGPAIKAALPSLTNPPSLSPIRRKGKEKEPGEQASVPLSPKKGSEASAASRQSDTSGPVTTSKSSSLGSFYHLPSYLKLHDVLKATHANYKVTLDLQNSTEKFGGFLRSALDVLSQILELATLQDIGKCVEEILGYLKSCFSREPMMATVCVQQLLKTLFGTNLASQFDGLSSNPSKSQGRAQRLGSSSVRPGLYHYCFMAPYTHFTQALADASLRNMVQAEQENDTSGWFDVLQKVSTQLKTNLTSVTKNRADKNAIHNHIRLFEPLVIKALKQYTTTTCVQLQKQVLDLLAQLVQLRVNYCLLDSDQVFIGFVLKQFEYIEVGQFRESEAIIPNIFFFLVLLSYERYHSKQIIGIPKIIQLCDGIMASGRKAVTHAIPALQPIVHDLFVLRGTNKADAGKELETQKEVVVSMLLRLIQYHQVLEMFILVLQQCHKENEDKWKRLSRQIADIILPMLAKQQMHIDSHEALGVLNTLFEILAPSSLRPVDMLLRSMFVTPNTMASVSTVQLWISGILAILRVLISQSTEDIVLSRIQELSFSPYLISCTVINRLRDGDSTSTLEEHSEGKQIKNLPEETFSRFLLQLVGILLEDIVTKQLKVEMSEQQHTFYCQELGTLLMCLIHIFKSGMFRRITAAATRLFRSDGCGGSFYTLDSLNLRARSMITTHPALVLLWCQILLLVNHTDYRWWAEVQQTPKRHSLSSTKLLSPQMSGEEEDSDLAAKLGMCNREIVRRGALILFCDYVCQNLHDSEHLTWLIVNHIQDLISLSHEPPVQDFISAVHRNSAASGLFIQAIQSRCENLSTPTMLKKTLQCLEGIHLSQSGAVLTLYVDRLLCTPFRVLARMVDILACRRVEMLLAANLQSSMAQLPMEELNRIQEYLQSSGLAQRHQRLYSLLDRFRLSTMQDSLSPSPPVSSHPLDGDGHVSLETVSPDKDWYVHLVKSQCWTRSDSALLEGAELVNRIPAEDMNAFMMNSEFNLSLLAPCLSLGMSEISGGQKSALFEAAREVTLARVSGTVQQLPAVHHVFQPELPAEPAAYWSKLNDLFGDAALYQSLPTLARALAQYLVVVSKLPSHLHLPPEKEKDIVKFVVATLEALSWHLIHEQIPLSLDLQAGLDCCCLALQLPGLWSVVSSTEFVTHACSLIYCVHFILEAVAVQPGEQLLSPERRTNTPKAISEEEEEVDPNTQNPKYITAACEMVAEMVESLQSVLALGHKRNSGVPAFLTPLLRNIIISLARLPLVNSYTRVPPLVWKLGWSPKPGGDFGTAFPEIPVEFLQEKEVFKEFIYRINTLGWTSRTQFEETWATLLGVLVTQPLVMEQEESPPEEDTERTQINVLAVQAITSLVLSAMTVPVAGNPAVSCLEQQPRNKPLKALDTRFGRKLSIIRGIVEQEIQAMVSKRENIATHHLYQAWDPVPSLSPATTGALISHEKLLLQINPERELGSMSYKLGQVSIHSVWLGNSITPLREEEWDEEEEEEADAPAPSSPPTSPVNSRKHRAGVDIHSCSQFLLELYSRWILPSSSARRTPAILISEVVRSLLVVSDLFTERNQFELMYVTLTELRRVHPSEDEILAQYLVPATCKAAAVLGMDKAVAEPVSRLLESTLRSSHLPSRVGALHGVLYVLECDLLDDTAKQLIPVISDYLLSNLKGIAHCVNIHSQQHVLVMCATAFYLIENYPLDVGPEFSASIIQMCGVMLSGSEESTPSIIYHCALRGLERLLLSEQLSRLDAESLVKLSVDRVNVHSPHRAMAALGLMLTCMYTGKEKVSPGRTSDPNPAAPDSESVIVAMERVSVLFDRIRKGFPCEARVVARILPQFLDDFFPPQDIMNKVIGEFLSNQQPYPQFMATVVYKVFQTLHSTGQSSMVRDWVMLSLSNFTQRAPVAMATWSLSCFFVSASTSPWVAAILPHVISRMGKLEQVDVNLFCLVATDFYRHQIEEELDRRAFQSVLEVVAAPGSPYHRLLTCLRNVHKVTTC,3144
kidney,small,MTVGKSSKMLQHIDYRMRCILQDGRIFIGTFKAFDKHMNLILCDCDEFRKIKPKNAKQPEREEKRVLGLVLLRGENLVSMTVEGPPPKDTGIARVPLAGAAGGPGVGRAAGRGVPAGVPIPQAPAGLAGPVRGVGGPSQQVMTPQGRGTVAAAAVAATASIAGAPTQYPPGRGTPPPPVGRATPPPGIMAPPPGMRPPMGPPIGLPPARGTPIGMPPPGMRPPPPGIRGMRPPRP,235
kidney,serine/threonine-protein,MSAKVRLKKLEQLLLDGPWRNESALSVETLLDVLVCLYTECSHSALRRDKYVAEFLEWAKPFTQLVKEMQLHREDFEIIKVIGRGAFGEVAVVKMKNTERIYAMKILNKWEMLKRAETACFREERDVLVNGDCQWITALHYAFQDENHLYLVMDYYVGGDLLTLLSKFEDKLPEDMARFYIGEMVLAIDSIHQLHYVHRDIKPDNVLLDVNGHIRLADFGSCLKMNDDGTVQSSVAVGTPDYISPEILQAMEDGMGKYGPECDWWSLGVCMYEMLYGETPFYAESLVETYGKIMNHEERFQFPSHVTDVSEEAKDLIQRLICSRERRLGQNGIEDFKKHAFFEGLNWENIRNLEAPYIPDVSSPSDTSNFDVDDDVLRNTEILPPGSHTGFSGLHLPFIGFTFTTESCFSDRGSLKSIMQSNTLTKDEDVQRDLEHSLQMEAYERRIRRLEQEKLELSRKLQESTQTVQSLHGSSRALSNSNRDKEIKKLNEEIERLKNKIADSNRLERQLEDTVALRQEREDSTQRLRGLEKQHRVVRQEKEELHKQLVEASERLKSQAKELKDAHQQRKLALQEFSELNERMAELRAQKQKVSRQLRDKEEEMEVATQKVDAMRQEMRRAEKLRKELEAQLDDAVAEASKERKLREHSENFCKQMESELEALKVKQGGRGAGATLEHQQEISKIKSELEKKVLFYEEELVRREASHVLEVKNVKKEVHDSESHQLALQKEILMLKDKLEKSKRERHNEMEEAVGTIKDKYERERAMLFDENKKLTAENEKLCSFVDKLTAQNRQLEDELQDLAAKKESVAHWEAQIAEIIQWVSDEKDARGYLQALASKMTEELEALRSSSLGSRTLDPLWKVRRSQKLDMSARLELQSALEAEIRAKQLVQEELRKVKDANLTLESKLKDSEAKNRELLEEMEILKKKMEEKFRADTGLKLPDFQDSIFEYFNTAPLAHDLTFRTSSASEQETQAPKPEASPSMSVAASEQQEDMARPPQRPSAVPLPTTQALALAGPKPKAHQFSIKSFSSPTQCSHCTSLMVGLIRQGYACEVCSFACHVSCKDGAPQVCPIPPEQSKRPLGVDVQRGIGTAYKGHVKVPKPTGVKKGWQRAYAVVCDCKLFLYDLPEGKSTQPGVIASQVLDLRDDEFSVSSVLASDVIHATRRDIPCIFRVTASLLGAPSKTSSLLILTENENEKRKWVGILEGLQSILHKNRLRNQVVHVPLEAYDSSLPLIKAILTAAIVDADRIAVGLEEGLYVIEVTRDVIVRAADCKKVHQIELAPREKIVILLCGRNHHVHLYPWSSLDGAEGSFDIKLPETKGCQLMATATLKRNSGTCLFVAVKRLILCYEIQRTKPFHRKFNEIVAPGSVQCLAVLRDRLCVGYPSGFCLLSIQGDGQPLNLVNPNDPSLAFLSQQSFDALCAVELESEEYLLCFSHMGLYVDPQGRRARAQELMWPAAPVACSCSPTHVTVYSEYGVDVFDVRTMEWVQTIGLRRIRPLNSEGTLNLLNCEPPRLIYFKSKFSGAVLNVPDTSDNSKKQMLRTRSKRRFVFKVPEEERLQQRREMLRDPELRSKMISNPTNFNHVAHMGPGDGMQVLMDLPLSAVPPSQEERPGPAPTNLARQPPSRNKPYISWPSSGGSEPSVTVPLRSMSDPDQDFDKEPDSDSTKHSTPSNSSNPSGPPSPNSPHRSQLPLEGLEQPACDT,1711
kidney,pituitary,MAGVVHVSLAALLLLPMAPAMHSDCIFKKEQAMCLEKIQRANELMGFNDSSPGCPGMWDNITCWKPAHVGEMVLVSCPELFRIFNPDQDMGVVSRNCTEDGWSEPFPHYFDACGFDEYESETGDQDYYYLSVKALYTVGYSTSLVTLTTAMVILCRFRKLHCTRNFIHMNLFVSFMLRAISVFIKDWILYAEQDSNHCFISTVECKAVMVFFHYCVVSNYFWLFIEGLYLFTLLVETFFPERRYFYWYTIIGWGTPTVCVTVWATLRLYFDDTGCWDMNDSTALWWVIKGPVVGSIMVNFVLFIGIIVILVQKLQSPDMGGNESSIYLRLARSTLLLIPLFGIHYTVFAFSPENVSKRERLVFELGLGSFQGFVVAVLYCFLNGEVQAEIKRKWRSWKVNRYFAVDFKHRHPSLASSGVNGGTQLSILSKSSSQIRMSGLPADNLAT,447
kidney,RecName:,MLSFHFWKSRGQPTDAASSVADGIQTPRCCRRCQANNWTGQLSYRTLATVSAGAAAPQPQTTSTASSRSLPTSLRLAAAPPQGLKNWEVVAAVAAVPTALGPVQIRGTLLRATLQPLRGQRRTQDFPSDHHCLFLSLKPGQGLIMEAAPPELNSKARQAEVGDGVSSAQDSQELKQQLWPLPKPSASSQREAKYVDMCASAEVQRESPQTMKLTLGHCPGGQRASRSPKEKAQDEPSSKTPSPQNNPASSQLSRSQHSASEEGGNFSSSSSSSPMNKAEEDGLSKMEDSTTSTGALATSSSSLGFESESGESEGCQAVGGEGEKISGGGGGGKGGGGGGAGDGTECRDIIAKSQGSRDPPKVEEAHYITTHEIQLSEVEQDMDFDVGLASRWDFEDNNVIYSFVDYASFGGSDETPGDITSLTEEDDDNSCYLSTTPSTNTTRTPSPTSSDLARPNAGRSGRDTSSTEVGSGPSDSGPTPPPTGPGTAPLTEPLPETPEAASGAAAAAASSCGSAASQILLSIKPASRAINEPSNVRAKQNIIYAAKHEGDMSLRVSTAAEHNSSSLKQNPAAAVAQDHAKKFIAVPARLQTRCGAIRAKELVDYSSGASSAVSELDDADKEVRNLTSRAFRSLAYPYFEALNISSRESSTTLSEVGFGRWSTFLDLKCGGVGARVEQSLLRSSAASVAAGLRKGSGARATADQLYIQSKKSQTKALEFVVSKVEGEIKHVETPLCFQKQVQTGSRVVTLLEPLNVRSESKASSAPGPGRATKGPGKGPGSAYTDDGSETSEGSKPTSRADGPQKSKFASSLLKNVISKKMQREHEFKMERGEVMDTSHHLSGTSKETEGARGSERQRERGLQRQSSRHSEAGSEYTVVSMSDAGGEGSVAGSKSPVFKASTPRERNAGPGRNFTDGHTEVCEIKKSASETVKGIFLRSQNSAFRSWKEKEAEKREEQAPIGKLKLPKGGDWRADLGEISASKNTIMSRLFVPNIQQTPKDKQPRKQATKYPAAQATSTAVIRPKAPEIKIRLGSVQQPSSDFNIAKLLTPKLAGGSASNLFKTIEDNSRAQQKLFRGDNLEKVPHFQVRDIRDKSKAQGPLHQVRDVRKLIKGSGDSSDKGSVTPEQGLTGPKPRQLSAAAGGSGSLSPMVITCQAVVNQREDSMDREPRESMGKGGGSRVLNSSSPEGTVLVHRASGRLPVATIAPNKPEQGSYLPVLKIVSKASTQKTPEKLKEEEVKEEGKATKPARNALEKLTAAVRSMEELYSFNRNEWKRKSDPLPMMMDSHVLSLIASEEREGVVVADGDHDKLSKRLGEVEERGTGNKAGVVLRGAPIERLQRRNSNPSAESVSARAAAFENLARERPRSLYIPPVHKDVERTQPLQPLPPLPSNRNVFTVSASSIQKTGGVAGKFPQGPSPESPSAAKGIKSQGLRSLKISPATRAPPDEVTNRKSGSNLEKSNSDCENYLTIPLKGSSAAGELLSRPGASREGPPNSSAATLCSLPPLSARSQVPSSSKGSQVSGTSRPAWRTKPDNPRETVAAPPGPQSPEHPPTTIYHQPPLPFTLQGAQPQVLCFSPPSMPAPAPAASAPVPTDPFQQAQPQQTQRKMLLDVTTGQYYLVDTPVQPMTRRLFDPETGQYVDVPMTSQQQAVAPMSISVPPLALSPGAYGPTYMIYPGFLPTVLPTNALQPTPIARAPRGSELSPMVAEPSSKEAAATFTEAPYFMASGQSPASSTSSAPAATSQLLGAKAFAQLHGKPVISITSQPLGPRIIAPPSFDGTTMSFVVEHR,1793
kidney,apolipoprotein,MSLAGLVLAPFTAGTSLALTAAGVGLGAASAVTGITTSIVEHSYTSSAEAEASRLTATSIDRLKVFKEVMRDITPNLLSLLNNYYEATQTIGSEIRAIRQARARARLPVTTWRISAGSGGQAERTIAGTTRAVSRGARILSATTSGIFLALDVVNLVYESKHLHEGAKSASAEELRRQAQELEENLMELTQIYQRLNPCHTH,202
heart,RecName:,MAAAKVALTKRADPAELRTIFLKYASIEKNGEFFMSPNDFVTRYLNIFGESQPNPKTVELLSGVVDQTKDGLISFQEFVAFESVLCAPDALFMVAFQLFDKAGKGEVTFEDVKQVFGQTTIHQHIPFNWDSEFVQLHFGKERKRHLTYAEFTQFLLEIQLEHAKQAFVQRDNARTGRVTAIDFRDIMVTIRPHVLTPFVEECLVAAAGGTTSHQVSFSYFNGFNSLLNNMELIRKIYSTLAGTRKDVEVTKEEFVLAAQKFGQVTPMEVDILFQLADLYEPRGRMTLADIERIAPLEEGTLPFNLAEAQRQKASGDSARPVLLQVAESAYRFGLGSVAGAVGATAVYPIDLVKTRMQNQRSTGSFVGELMYKNSFDCFKKVLRYEGFFGLYRGLLPQLLGVAPEKAIKLTVNDFVRDKFMHKDGSVPLAAEILAGGCAGGSQVIFTNPLEIVKIRLQVAGEITTGPRVSALSVVRDLGFFGIYKGAKACFLRDIPFSAIYFPCYAHVKASFANEDGQVSPGSLLLAGAIAGMPAASLVTPADVIKTRLQVAARAGQTTYSGVIDCFRKILREEGPKALWKGAGARVFRSSPQFGVTLLTYELLQRWFYIDFGGVKPMGSEPVPKSRINLPAPNPDHVGGYKLAVATFAGIENKFGLYLPLFKPSVSTSKAIGGGP,675
kidney,RecName:,MPYKLKKEKEPPKVAKCTAKPSSSGKDGGGENTEEAQPQPQPQPQPQAQSQPPSSNKRPSNSTPPPTQLSKIKYSGGPQIVKKERRQSSSRFNLSKNRELQKLPALKDSPTQEREELFIQKLRQCCVLFDFVSDPLSDLKFKEVKRAGLNEMVEYITHSRDVVTEAIYPEAVTMFSVNLFRTLPPSSNPTGAEFDPEEDEPTLEAAWPHLQLVYEFFLRFLESPDFQPNIAKKYIDQKFVLALLDLFDSEDPRERDFLKTILHRIYGKFLGLRAYIRRQINHIFYRFIYETEHHNGIAELLEILGSIINGFALPLKEEHKMFLIRVLLPLHKVKSLSVYHPQLAYCVVQFLEKESSLTEPVIVGLLKFWPKTHSPKEVMFLNELEEILDVIEPSEFSKVMEPLFRQLAKCVSSPHFQVAERALYYWNNEYIMSLISDNAARVLPIMFPALYRNSKSHWNKTIHGLIYNALKLFMEMNQKLFDDCTQQYKAEKQKGRFRMKEREEMWQKIEELARLNPQYPMFRAPPPLPPVYSMETETPTAEDIQLLKRTVETEAVQMLKDIKKEKVLLRRKSELPQDVYTIKALEAHKRAEEFLTASQEAL,602
kidney,RecName:,MPRTMIPPGECTYAGRKRRRPLQKQRPAVGAEKSNPSKRHRDRLNAELDHLASLLPFPPDIISKLDKLSVLRLSVSYLRVKSFFQVVQEQSSRQPAAGAPSPGDSCPLAGSAVLEGRLLLESLNGFALVVSAEGTIFYASATIVDYLGFHQTDVMHQNIYDYIHVDDRQDFCRQLHWAMDPPQVVFGQPPPLETGDDAILGRLLRAQEWGTGTPTEYSAFLTRCFICRVRCLLDSTSGFLTMQFQGKLKFLFGQKKKAPSGAMLPPRLSLFCIAAPVLLPSAAEMKMRSALLRAKPRADTAATADAKVKATTSLCESELHGKPNYSAGRSSRESGVLVLREQTDAGRWAQVPARAPCLCLRGGPDLVLDPKGGSGDREEEQHRMLSRASGVTGRRETPGPTKPLPWTAGKHSEDGARPRLQPSKNDPPSLRPMPRGSCLPCPCVQGTFRNSPISHPPSPSPSAYSSRTSRPMRDVGEDQVHPPLCHFPQRSLQHQLPQPGAQRFATRGYPMEDMKLQGVPMPPGDLCGPTLLLDVSIKMEKDSGCEGAADGCVPSQVWLGASDRSHPATFPTRMHLKTEPDSRQQVYISHLGHGVRGAQPHGRATAGRSRELTPFHPAHCACLEPTDGLPQSEPPHQLCARGRGEQSCTCRAAEAAPVVKREPLDSPQWATHSQGMVPGMLPKSALATLVPPQASGCTFLP,701
kidney,RecName:,MRRLTRRLVLPVFGVLWITVLLFFWVTKRKLEVPTGPEVQTPKPSDADWDDLWDQFDERRYLNAKKWRVGDDPYKLYAFNQRESERISSNRAIPDTRHLRCTLLVYCTDLPPTSIIITFHNEARSTLLRTIRSVLNRTPTHLIREIILVDDFSNDPDDCKQLIKLPKVKCLRNNERQGLVRSRIRGADIAQGTTLTFLDSHCEVNRDWLQPLLHRVKEDYTRVVCPVIDIINLDTFTYIESASELRGGFDWSLHFQWEQLSPEQKARRLDPTEPIRTPIIAGGLFVIDKAWFDYLGKYDMDMDIWGGENFEISFRVWMCGGSLEIVPCSRVGHVFRKKHPYVFPDGNANTYIKNTKRTAEVWMDEYKQYYYAARPFALERPFGNVESRLDLRKNLRCQSFKWYLENIYPELSIPKESSIQKGNIRQRQKCLESQRQNNQETPNLKLSPCAKVKGEDAKSQVWAFTYTQQILQEELCLSVITLFPGAPVVLVLCKNGDDRQQWTKTGSHIEHIASHLCLDTDMFGDGTENGKEIVVNPCESSLMSQHWDMVSS,552
kidney,homeobox,MMDGRLLEHPHAQFGGSLGGVVGFPYPLGHHHVYELAGHQLQSAAAAASVPFSIDGLLGGSCAAAASVVNPTPLLPAACGVGGDGQPFKLSDSGDPDKESPGCKRRRTRTNFTGWQLEELEKAFNESHYPDVFMREALALRLDLVESRVQVWFQNRRAKWRKKENTKKGPGRPAHNSHPTTCSGEPMDPEEIARKELEKMEKKKRKHEKKLLKSQGRHLHSPGGLSLHSAPSSDSDSGGGGLSPEPPEPPPPAAKGPGAHASGAAGTAPAPPGEPPAPGTCDPAFYPSQRSGAGPQPRPGRPADKDAASCGPGAAVAAVERGAAGLPKASPFSVESLLSDSPPRRKAASNAAAAAAAGLDFAPGLPCAPRTLIGKGHFLLYPITQPLGFLVPQAALKGGAGLEPAPKDAPPAPAVPPAPPAQASFGAFSGPGGAPDSAFARRSPDAVASPGAPAPAPAPFRDLASAAATEGGGGDCADAGTAGPAPPPPAPSPRPGPRPPSPAEEPATCGVPEPGAAAGPSPPEGEELDMD,531
brain,RecName:,MNPDLRRERDSASFNPELLTHILDGSPEKTRRRREIENMILNDPDFQHEDLNFLTRSQRYEVAVRKSAIMVKKMREFGIADPDEIMWFKKLHLVNFVEPVGLNYSMFIPTLLNQGTTAQKEKWLLSSKGLQIIGTYAQTEMGHGTHLRGLETTATYDPETQEFILNSPTVTSIKWWPGGLGKTSNHAIVLAQLITKGKCYGLHAFIVPIREIGTHKPLPGITVGDIGPKFGYDEIDNGYLKMDNHRIPRENMLMKYAQVKPDGTYVKPLSNKLTYGTMVFVRSFLVGEAARALSKACTIAIRYSAVRHQSEIKPGEPEPQILDFQTQQYKLFPLLATAYAFQFVGAYMKETYHRINEGIGQGDLSELPELHALTAGLKAFTSWTANTGIEACRMACGGHGYSHCSGLPNIYVNFTPSCTFEGENTVMMLQTARFLMKSYDQVHSGKLVCGMVSYLNDLPSQRIQPQQVAVWPTMVDINSPESLTEAYKLRAARLVEIAAKNLQKEVIHRKSKEVAWNLTSVDLVRASEAHCHYVVVKLFSEKLLKIQDKAIQAVLRSLCLLYSLYGISQNAGDFLQGSIMTEPQITQVNQRVKELLTLIRSDAVALVDAFDFQDVTLGSVLGRYDGNVYENLFEWAKNSPLNKAEVHESYKHLKSLQSKL,660
kidney,RecName:,MSLRVLGSGTWPSAPKMFLLLTALQVLAIAMTQSQEDENKIIGGHTCTRSSQPWQAALLAGPRRRFLCGGALLSGQWVITAAHCGRPILQVALGKHNLRRWEATQQVLRVVRQVTHPNYNSRTHDNDLMLLQLQQPARIGRAVRPIEVTQACASPGTSCRVSGWGTISSPIARYPASLQCVNINISPDEVCQKAYPRTITPGMVCAGVPQGGKDSCQGDSGGPLVCRGQLQGLVSWGMERCALPGYPGVYTNLCKYRSWIEETMRDK,267
heart,RecName:,MASGLGSPSPCSAGSEEEDMDALLNNSLPPPHPENEEDPEEDLSETETPKLKKKKKPKKPRDPKIPKSKRQKKERMLLCRQLGDSSGEGPEFVEEEEEVALRSDSEGSDYTPGKKKKKKLGPKKEKKSKSKRKEEEEEEDDDDDSKEPKSSAQLLEDWGMEDIDHVFSEEDYRTLTNYKAFSQFVRPLIAAKNPKIAVSKMMMVLGAKWREFSTNNPFKGSSGASVAAAAAAAVAVVESMVTATEVAPPPPPVEVPIRKAKTKEGKGPNARRKPKGSPRVPDAKKPKPKKVAPLKIKLGGFGSKRKRSSSEDDDLDVESDFDDASINSYSVSDGSTSRSSRSRKKLRTTKKKKKGEEEVTAVDGYETDHQDYCEVCQQGGEIILCDTCPRAYHMVCLDPDMEKAPEGKWSCPHCEKEGIQWEAKEDNSEGEEILEEVGGDLEEEDDHHMEFCRVCKDGGELLCCDTCPSSYHIHCLNPPLPEIPNGEWLCPRCTCPALKGKVQKILIWKWGQPPSPTPVPRPPDADPNTPSPKPLEGRPERQFFVKWQGMSYWHCSWVSELQLELHCQVMFRNYQRKNDMDEPPSGDFGGDEEKSRKRKNKDPKFAEMEERFYRYGIKPEWMMIHRILNHSVDKKGHVHYLIKWRDLPYDQASWESEDVEIQDYDLFKQSYWNHRELMRGEEGRPGKKLKKVKLRKLERPPETPTVDPTVKYERQPEYLDATGGTLHPYQMEGLNWLRFSWAQGTDTILADEMGLGKTVQTAVFLYSLYKEGHSKGPFLVSAPLSTIINWEREFEMWAPDMYVVTYVGDKDSRAIIRENEFSFEDNAIRGGKKASRMKKEASVKFHVLLTSYELITIDMAILGSIDWACLIVDEAHRLKNNQSKFFRVLNGYSLQHKLLLTGTPLQNNLEELFHLLNFLTPERFHNLEGFLEEFADIAKEDQIKKLHDMLGPHMLRRLKADVFKNMPSKTELIVRVELSPMQKKYYKYILTRNFEALNARGGGNQVSLLNVVMDLKKCCNHPYLFPVAAMEAPKMPNGMYDGSALIRASGKLLLLQKMLKNLKEGGHRVLIFSQMTKMLDLLEDFLEHEGYKYERIDGGITGNMRQEAIDRFNAPGAQQFCFLLSTRAGGLGINLATADTVIIYDSDWNPHNDIQAFSRAHRIGQNKKVMIYRFVTRASVEERITQVAKKKMMLTHLVVRPGLGSKTGSMSKQELDDILKFGTEELFKDEATDGGGDNKEGEDSSVIHYDDKAIERLLDRNQDETEDTELQGMNEYLSSFKVAQYVVREEEMGEEEEVEREIIKQEESVDPDYWEKLLRHHYEQQQEDLARNLGKGKRIRKQVNYNDGSQEDRDWQDDQSDNQSDYSVASEEGDEDFDERSEAPRRPSRKGLRNDKDKPLPPLLARVGGNIEVLGFNARQRKAFLNAIMRYGMPPQDAFTTQWLVRDLRGKSEKEFKAYVSLFMRHLCEPGADGAETFADGVPREGLSRQHVLTRIGVMSLIRKKVQEFEHVNGRWSMPELAEVEENKKMSQPGSPSPKTPTPSTPGDTQPNTPAPVPPAEDGIKIEENSLKEEESIEGEKEVKSTAPETAIECTQAPAPASEDEKVVVEPPEGEEKVEKAEVKERTEEPMETEPKGAADVEKVEEKSAIDLTPIVVEDKEEKKEEEEKKEVMLQNGETPKDLNDEKQKKNIKQRFMFNIADGGFTELHSLWQNEERAATVTKKTYEIWHRRHDYWLLAGIINHGYARWQDIQNDPRYAILNEPFKGEMNRGNFLEIKNKFLARRFKLLEQALVIEEQLRRAAYLNMSEDPSHPSMALNTRFAEVECLAESHQHLSKESMAGNKPANAVLHKVLKQLEELLSDMKADVTRLPATIARIPPVAVRLQMSERNILSRLANRAPEPTPQQVAQQQ,1912
kidney,heme,MESRSVAQAGVQWISLAHCSLHLLGSRDSPASASCVAGITGPEEREQQEPHPAAMSAEVETSEGVDESEKKNSGALEKENQMRMADLSELLKEGTKEAHDRAENTQFVKDFLKGNIKKELFKLATTALYFTYSALEEEMERNKDHPAFAPLYFPMELHRKEALTKDMEYFFGENWEEQVQCPKAAQKYVERIHYIGQNEPELLVAHAYTRYMGDLSGGQVLKKVAQRALKLPSTGEGTQFYLFENVDNAQQFKQLYRARMNALDLNMKTKERIVEEANKAFEYNMQIFNELDQAGSTLARETLEDGFPVHDGKGDMRKCPFYAAEQDKGALEGSSCPFRTAMAVLRKPSLQFILAAGVALAAGLLAWYYM,370
kidney,RecName:,MVQASGHRRSTRGSKMVSWSVIAKIQEILQRKMVREFLAEFMSTYVMMVFGLGSVAHMVLNKKYGSYLGVNLGFGFGVTMGVHVAGRISGAHMNAAVTFANCALGRVPWRKFPVYVLGQFLGSFLAAATIYSLFYTAILHFSGGQLMVTGPVATAGIFATYLPDHMTLWRGFLNEAWLTGMLQLCLFAITDQENNPALPGTEALVIGILVVIIGVSLGMNTGYAINPSRDLPPRIFTFIAGWGKQVFSNGENWWWVPVVAPLLGAYLGGIIYLVFIGSTIPREPLKLEDSVAYEDHGITVLPKMGSHEPTISPLTPVSVSPANRSSVHPAPPLHESMALEHF,342
kidney,armadillo,MGKKIKKEVEPPPKDVFDPLMIESKKAATVVLMLNSPEEEILAKACEAIYKFALKGEENKTTLLELGAVEPLTKLLTHEDKIVRRNATMIFGILASNNDVKKLLRELDVMNSVIAQLAPEEEVVIHEFASLCLANMSAEYTSKVQIFEHGGLEPLIRLLSSPDPDVKKNSMECIYNLVQDFQCRAKLQELNAIPPILDLLKSEYPVIQLLALKTLGVIANDKESRTMLRDNQGLDHLIKILETKELNDLHIEALAVIANCLEDMDTMVQIQQTGGLKKLLSFAENSTIPDIQKNAAKAITKAAYDPENRKLFHEQEVEKCLVALLGSENDGTKIAASQAISAMCENSGSKDFFNNQGIPQLIQLLKSDNEEVREAAALALANLTTCNPANANAAAEADGIDPLINLLSSKRDGAIANAATVLTNMAMQEPLRLNIQNHDIMHAIISPLRSANTVVQSKAALAVTATACDVEARTELRNSGGLEPLVELLRSKNDEVRKHASWAVMVCAGDELTANELCRLGALDILEEVNVSGTRKNKFSEAAYNKLLNNNLSLKYSQTGYLSSSNIINDGFYDYGRINPGTKLLPLKELCLQEPSDLRAVLLINSKSYVSPPSSMEDKSDVGYGRSISSSSSLRRSSKEKNKKNSYHFSAGFGSPIEDKSEPASGRNTVLSKSATKEKGWRKSKGKKEEEKVKEEEEVMVVPKFVGEGSSDKEWCPPSDPDFSMYVYEVTKSILPITNIKEQIEDLAKYVAEKMGGKIPKEKLPDFSWELHISELKFQLKSNVIPIGHVKKGIFYHRALLFKALADRIGIGCSLVRGEYGRAWNEVMLQNDSRKGVIGGLPAPEMYVIDLMFHPGGLMKLRSREADLYRFI,872
heart,Chain,MEKVQYLTRSAIRRASTIEMPQQARQKLQNLFINFCLILICLLLICIIVMLL,52
brain,E3,MEEMEEELKCPVCGSFYREPIILPCSHNLCQACARNILVQTPESESPQSHRAAGSGVSDYDYLDLDKMSLYSEADSGYGSYGGFASAPTTPCQKSPNGVRVFPPAMPPPATHLSPALAPVPRNSCITCPQCHRSLILDDRGLRGFPKNRVLEGVIDRYQQSKAAALKCQLCEKAPKEATVMCEQCDVFYCDPCRLRCHPPRGPLAKHRLVPPAQGRVSRRLSPRKVSTCTDHELENHSMYCVQCKMPVCYQCLEEGKHSSHEVKALGAMWKLHKSQLSQALNGLSDRAKEAKEFLVQLRNMVQQIQENSVEFEACLVAQCDALIDALNRRKAQLLARVNKEHEHKLKVVRDQISHCTVKLRQTTGLMEYCLEVIKENDPSGFLQISDALIRRVHLTEDQWGKGTLTPRMTTDFDLSLDNSPLLQSIHQLDFVQVKVAWFAFDPGSAHSDIILSNDNLTVTCSSYDDRVVLGKTGFSKGIHYWELTVDRYDNHPDPAFGVARMDVMKDVMLGKDDKAWAITEGGITKGATIGVLLDLNRKNLTFFINDEQQGPIAFDNVEGLFFPAVSLNRNVQVTLHTGLPVPDFYSSRASIA,593
kidney,CYFIP-related,MGNLLKVLTCTDLEQGPNFFLDFENAQPTESEKEIYNQVNVVLKDAEGILEDLQSYRGAGHEIREAIQHPADEKLQEKAWGAVVPLVGKLKKFYEFSQRLEAALRGLLGALTSTPYSPTQHLEREQALAKQFAEILHFTLRFDELKMTNPAIQNDFSYYRRTLSRMRINNVPAEGENEVNNELANRMSLFYAEATPMLKTLSDATTKFVSENKNLPIENTTDCLSTMASVCRVMLETPEYRSRFTNEETVSFCLRVMVGVIILYDHVHPVGAFAKTSKIDMKGCIKVLKDQPPNSVEGLLNALRYTTKHLNDETTSKQIKSMLQ,324
muscle,RecName:,MQPPPRKVKVTQELKNIQVEQMTKLQAKHQAECDLLEDMRTFSQKKAAIEREYAQGMQKLASQYLKRDWPGVKADDRNDYRSMYPVWKSFLEGTMQVAQSRMNICENYKNFISEPARTVRSLKEQQLKRCVDQLTKIQTELQETVKDLAKGKKKYFETEQMAHAVREKADIEAKSKLSLFQSRISLQKASVKLKARRSECNSKATHARNDYLLTLAAANAHQDRYYQTDLVNIMKALDGNVYDHLKDYLIAFSRTELETCQAVQNTFQFLLENSSKVVRDYNLQLFLQENAVFHKPQPFQFQPCDSDTSRQLESETGTTEEHSLNKEARKWATRVAREHKNIVHQQRVLNDLECHGAAVSEQSRAELEQKIDEARENIRKAEIIKLKAEARLDLLKQIGVSVDTWLKSAMNQVMEELENERWARPPAVTSNGTLHSLNADTEREEGEEFEDNMDVFDDSSSSPSGTLRNYPLTCKVVYSYKASQPDELTIEEHEVLEVIEDGDMEDWVKARNKVGQVGYVPEKYLQFPTSNSLLSMLQSLAALDSRSHTSSNSTEAELVSGSLNGDASVCFVKALYDYEGQTDDELSFPEGAIIRILNKENQDDDGFWEGEFNGRIGVFPSVLVEELSASENGDTPWMREIQISPSPKPHASLPPLPLYDQPPSSPYPSPDKRSSLYFPRSPSANEKSLHAESPGFSQASRHTPETSYGKLRPVRAAPPPPTQNHRRPAEKIEDVEITLV,740
heart,E3,MDYKSSLIQDGNPMENLEKQLICPICLEMFTKPVVILPCQHNLCRKCANDIFQAANPYWTSRGSSVSMSGGRFRCPTCRHEVIMDRHGVYGLQRNLLVENIIDIYKQECSSRPLQKGSHPMCKEHEDEKINIYCLTCEVPTCSMCKVFGIHKACEVAPLQSVFQGQKTELNNCISMLVAGNDRVQTIITQLEDSRRVTKENSHQVKEELSQKFDTLYAILDEKKSELLQRITQEQEKKLSFIEALIQQYQEQLDKSTKLVETAIQSLDEPGGATFLLTAKQLIKSIVEASKGCQLGKTEQGFENMDFFTLDLEHIADALRAIDFGTDEEEEEFIEEEDQEEEESTEGKEEGHQ,353
heart,large,MEALAMGSRALRLWLVAPGGGIKWRFIATSSASQLSPTELTEMRNDLFNKEKARQLSLTPRTEKIEVKHVGKTDPGTVFVMNKNISTPYSCAMHLSEWYCRKSILALVDGQPWDMYKPLTKSCEIKFLTFKDCDPGEVNKAYWRSCAMMMGCVIERAFKDEYMVNLVRAPEVPVISGAFCYDVVLDSKLDEWMPTKENLRSFTKDAHALIYKDLPFETLEVEAKVALEIFQHSKYKVDFIEEKASQNPERIVKLHRIGDFIDVSEGPLIPRTSICFQYEVSAVHNLQPTQPSLIRRFQGVSLPVHLRAHFTIWDKLLERSRKMTPFPILLLFTTQSFFTTSPESYLLHGTVSE,353
kidney,roundabout,MARRHERVTRRMWTWAPGLLMMTVVFWGHQGNGQGQGSRLRQEDFPPRIVEHPSDVIVSKGEPTTLNCKAEGRPTPTIEWYKDGERVETDKDDPRSHRMLLPSGSLFFLRIVHGRRSKPDEGSYVCVARNYLGEAVSRNASLEVALLRDDFRQNPTDVVVAAGEPAILECQPPRGHPEPTIYWKKDKVRIDDKEERISIRGGKLMISNTRKSDAGMYTCVGTNMVGERDSDPAELTVFERPTFLRRPINQVVLEEEAVEFRCQVQGDPQPTVRWKKDDADLPRGRYDIKDDYTLRIKKTMSTDEGTYMCIAENRVGKMEASATLTVRARPVAPPQFVVRPRDQIVAQGRTVTFPCETKGNPQPAVFWQKEGSQNLLFPNQPQQPNSRCSVSPTGDLTITNIQRSDAGYYICQALTVAGSILAKAQLEVTDVLTDRPPPIILQGPANQTLAVDGTALLKCKATGDPLPVISWLKEGFTFPGRDPRATIQEQGTLQIKNLRISDTGTYTCVATSSSGETSWSAVLDVTESGATISKNYDLSDLPGPPSKPQVTDVTKNSVTLSWQPGTPGTLPASAYIIEAFSQSVSNSWQTVANHVKTTLYTVRGLRPNTIYLFMVRAINPQGLSDPSPMSDPVRTQDISPPAQGVDHRQVQKELGDVLVRLHNPVVLTPTTVQVTWTVDRQPQFIQGYRVMYRQTSGLQATSSWQNLDAKVPTERSAVLVNLKKGVTYEIKVRPYFNEFQGMDSESKTVRTTEEAPSAPPQSVTVLTVGSYNSTSISVSWDPPPPDHQNGIIQEYKIWCLGNETRFHINKTVDAAIRSVIIGGLFPGIQYRVEVAASTSAGVGVKSEPQPIIIGRRNEVVITENNNSITEQITDVVKQPAFIAGIGGACWVILMGFSIWLYWRRKKRKGLSNYAVTFQRGDGGLMSNGSRPGLLNAGDPSYPWLADSWPATSLPVNNSNSGPNEIGNFGRGDVLPPVPGQGDKTATMLSDGAIYSSIDFTTKTSYNSSSQITQATPYATTQILHSNSIHELAVDLPDPQWKSSIQQKTDLMGFGYSLPDQNKGNNALLYIPDYRLAEGLSNRMPHNQSQDFSTTSSHNSSERSGSLSGGKGGKKKKNKNSSKPQKNNGSTWANVPLPPPPVQPLPGTELEHYAVEQQENGYDSDSWCPPLPVQTYLHQGLEDELEEDDDRVPTPPVRGVASSPAISFGQQSTATLTPSPREEMQPMLQAHLDELTRAYQFDIAKQTWHIQSNNQPPQPPVPPLGYVSGALISDLETDVADDDADDEEEALEIPRPLRALDQTPGSSMDNLDSSVTGKAFTSSQRPRPTSPFSTDSNTSAALSQSQRPRPTKKHKGGRMDQQPALPHRREGMTDEEALVPYSKPSFPSPGGHSSSGTASSKGSTGPRKTEVLRAGHQRNASDLLDIGYMGSNSQGQFTGEL,1440
kidney,RecName:,MDTDLYDEFGNYIGPELDSDEDDDELGRETKDLDEMDDDDDDDDVGDHDDDHPGMEVVLHEDKKYYPTAEEVYGPEVETIVQEEDTQPLTEPIIKPVKTKKFTLMEQTLPVTVYEMDFLADLMDNSELIRNVTLCGHLHHGKTCFVDCLIEQTHPEIRKRYDQDLCYTDILFTEQERGVGIKSTPVTVVLPDTKGKSYLFNIMDTPGHVNFSDEVTAGLRISDGVVLFIDAAEGVMLNTERLIKHAVQERLAVTVCINKIDRLILELKLPPTDAYYKLRHIVDEVNGLISMYSTDENLILSPLLGNVCFSSSQYSICFTLGSFAKIYADTFGDINYQEFAKRLWGDIYFNPKTRKFTKKAPTSSSQRSFVEFILEPLYKILAQVVGDVDTSLPRTLDELGIHLTKEELKLNIRPLLRLVCKKFFGEFTGFVDMCVQHIPSPKVGAKPKIEHTYTGGVDSDLGEAMSDCDPDGPLMCHTTKMYSTDDGVQFHAFGRVLSGTIHAGQPVKVLGENYTLEDEEDSQICTVGRLWISVARYHIEVNRVPAGNWVLIEGVDQPIVKTATITEPRGNEEAQIFRPLKFNTTSVIKIAVEPVNPSELPKMLDGLRKVNKSYPSLTTKVEESGEHVILGTGELYLDCVMHDLRKMYSEIDIKVADPVVTFCETVVETSSLKCFAETPNKKNKITMIAEPLEKGLAEDIENEVVQITWNRKKLGEFFQTKYDWDLLAARSIWAFGPDATGPNILVDDTLPSEVDKALLGSVKDSIVQGFQWGTREGPLCDELIRNVKFKILDAVVAQEPLHRGGGQIIPTARRVVYSAFLMATPRLMEPYYFVEVQAPADCVSAVYTVLARRRGHVTQDAPIPGSPLYTIKAFIPAIDSFGFETDLRTHTQGQAFSLSVFHHWQIVPGDPLDKSIVIRPLEPQPAPHLAREFMIKTRRRKGLSEDVSISKFFDDPMLLELAKQDVVLNYPM,972
heart,protein,MAGLQELRFPEEKPLLRGQDATELESSDAFLLAADTDWKEHDIETPYGLLHVVIRGSPKGNRPAILTYHDVGLNHKLCFNTFFNFEDMQEITKHFVVCHVDAPGQQVGASQFPQGYQFPSMEQLAAMLPSVVQHFGFKYVIGIGVGAGAYVLAKFALIFPDLVEGLVLVNIDPNGKGWIDWAATKLSGLTSTLPDTVLSHLFSQEELVNNTELVQSYRQQIGNVVNQANLQLFWNMYNSRRDLDINRPGTVPNAKTLRCPVMLVVGDNAPAEDGVVECNSKLDPTTTTFLKMADSGGLPQVTQPGKLTEAFKYFLQGMGYIAYLKDRRLSGGAVPSASMTRLARSRTASLTSASSVDGSRPQACTHSESSEGLGQVNHTMEVSC,384
kidney,immediate,MAFTLYSLLQAALLCVNAIAVLHEERFLKNIGWGTDQGIGGFGEEPGIKSQLMNLIRSVRTVMRVPLIIVNSIAIVLLLLFG,82
kidney,solute,MALFWCTEALPLAVTALFPLILFPMMGIVDASEVAVEYLKDSNLLFFGGLLVAIAVEHWNLHKRIALRVLLIVGVRPAPLILGFMLVTAFLSMWISNTATSAMMVPIAHAVLDQLHSSQASSNVEEGSNNPTFELQEPSPQKEVTKLDNGQALPVTSASSEGRAHLSQKHLHLTQCMSLCVCYSASIGGIATLTGTAPNLVLQGQINSLFPQNGNVVNFASWFSFAFPTMVILLLLAWLWLQILFLGFNFRKNFGIGEKMQEQQQAAYCVIQTEHRLLGPMTFAEKAISILFVILVLLWFTREPGFFLGWGNLAFPNAKGESMVSDGTVAIFIGIIMFIIPSKFPGLTQDPENPGKLKAPLGLLDWKTVNQKMPWNIVLLLGGGYALAKGSERSGLSEWLGNKLTPLQSVPAPAIAIILSLLVATFTECTSNVATTTIFLPILASMAQAICLHPLYVMLPCTLATSLAFMLPVATPPNAIVFSFGDLKVLDMARAGFLLNIIGVLIIALAINSWGIPLFSLHSFPSWAQSNTTAQCLPSLANTTTPSP,548
kidney,protein,MVLIFFFNFLNPYFGCSSKIPDDGDPSLPQWLPEGPAGGLYGIDSMPDLRRKKPLPLVSDLSLVQSRKAGITSAMATRTSLKDEELKSHVYKKTLQALIYPISCTTPHNFEVWTATTPTYCYECEGLLWGIARQGMRCSECGVKCHEKCQDLLNADCLQRAAEKSCKHGAEDRTQNIIMAMKDRMKIRERNKPEIFEVIRDVFTVNKAAHVQQMKTVKQSVLDGTSKWSAKITITVVCAQGLQAKDKTGSSDPYVTVQVSKTKKRTKTIFGNLNPVWEEKFHFECHNSSDRIKVRVWDEDDDIKSRVKQRLKRESDDFLGQTIIEVRTLSGEMDVWYNLEKRTDKSAVSGAIRLQISVEIKGEEKVAPYHVQYTCLHENLFHYLTDIQGSGGVRIPEARGDDAWKVYFDETAQEIVDEFAMRYGIESIYQAMTHFACLSSKYMCPGVPAVMSTLLANINAYYAHTTASTNVSASDRFAASNFGKERFVKLLDQLHNSLRIDLSTYRNNFPAGSPERLQDLKSTVDLLTSITFFRMKVQELQSPPRASQVVKDCVKACLNSTYEYIFNNCHDLYSRQYQLKQELPPEEQGPSIRNLDFWPKLITLIVSIIEEDKNSYTPVLNQFPQELNVGKVSAEVMWHLFAQDMKYALEEHEKDHLCKSADYMNLHFKVKWLHNEYVRDLPVLQGQVPEYPAWFEQFVLQWLDENEDVSLEFLRGALERDKKDGFQQTSEHALFSCSVVDVFTQLNQSFEIIRKLECPDPSILAHYMRRFAKTIGKVLMQYADILSKDFPAYCTKEKLPCILMNNVQQLRVQLEKMFEAMGGKELDLEAADSLKELQVKLNTVLDELSMVFGNSFQVRIDECVRQMADILGQVRGTGNASPDARASAAQDADSVLRPLMDFLDGNLTLFATVCEKTVLKRVLKELWRVVMNTMERMIVLPPLTDQTGTQLIFTAAKELSHLSKLKDHMVREETRNLTPKQCAVLDLALDTIKQYFHAGGNGLKKTFLEKSPDLQSLRYALSLYTQTTDTLIKTFVRSQTTQGSGVDDPVGEVSIQVDLFTHPGTGEHKVTVKVVAANDLKWQTAGMFRPFVEVTMVGPHQSDKKRKFTTKSKSNNWAPKYNETFHFLLGNEEGPESYELQICVKDYCFAREDRVLGLAVMPLRDVTAKGSCACWCPLGRKIHMDETGLTILRILSQRSNDEVAREFVKLKSESRSTEEGS,1221
kidney,RecName:,MNASSRNVFDTLIRVLTESMFKHLRKWVVTRFFGHSRQRARLVSKDGRCNIEFGNVEAQSRFIFFVDIWTTVLDLKWRYKMTIFITAFLGSWFFFGLLWYAVAYIHKDLPEFHPSANHTPCVENINGLTSAFLFSLETQVTIGYGFRCVTEQCATAIFLLIFQSILGVIINSFMCGAILAKISRPKKRAKTITFSKNAVISKRGGKLCLLIRVANLRKSLLIGSHIYGKLLKTTVTPEGETIILDQININFVVDAGNENLFFISPLTIYHVIDHNSPFFHMAAETLLQQDFELVVFLDGTVESTSATCQVRTSYVPEEVLWGYRFAPIVSKTKEGKYRVDFHNFSKTVEVETPHCAMCLYNEKDVRARMKRGYDNPNFILSEVNETDDTKM,391
kidney,RecName:,MGEKMAEEERFPNTTHEGFNVTLHTTLVVTTKLVLPTPGKPILPVQTGEQAQQEEQSSGMTIFFSLLVLAICIILVHLLIRYRLHFLPESVAVVSLGILMGAVIKIIEFKKLANWKEEEMFRPNMFFLLLLPPIIFESGYSLHKGNFFQNIGSITLFAVFGTAISAFVVGGGIYFLGQADVISKLNMTDSFAFGSLISAVDPVATIAIFNALHVDPVLNMLVFGESILNDAVSIVLTNTAEGLTRKNMSDVSGWQTFLQALDYFLKMFFGSAALGTLTGLISALVLKHIDLRKTPSLEFGMMIIFAYLPYGLAEGISLSGIMAILFSGIVMSHYTHHNLSPVTQILMQQTLRTVAFLCETCVFAFLGLSIFSFPHKFEISFVIWCIVLVLFGRAVNIFPLSYLLNFFRDHKITPKMMFIMWFSGLRGAIPYALSLHLDLEPMEKRQLIGTTTIVIVLFTILLLGGSTMPLIRLMDIEDAKAHRRNKKDVNLSKTEKMGNTVESEHLSELTEEEYEAHYIRRQDLKGFVWLDAKYLNPFFTRRLTQEDLHHGRIQMKTLTNKWYEEVRQGPSGSEDDEQELL,581
muscle,troponin,MSDEEVEQVEEQYEEEEEAQEEAAEVHEEEEVQEDTAEEDAEEEKPRPKLTAPKIPEGEKVDFDDIQKKRQNKDLMELQALIDSHFEARKKEEEELVALKERIEKRRAERAEQQRIRAEKERERQNRLAEEKARREEEDAKRRAEDDLKKKKALSSMGANYSSYLAKADQKRGKKQTAREMKKKILAERRKPLNIDHLGEDKLRDKAKELWETLHQLEIDKFEFGEKLKRQKYDITTLRSRIDQAQKHSKKAGTPAKGKVGGRWK,265
kidney,cytochrome,MAGKQAVSASGKWLDGIRKWYYNAAGFNKLGLMRDDTIYEDEDVKEAIRRLPENLYNDRMFRIKRALDLNLKHQILPKEQWTKYEEENFYLEPYLKEVIRERKEREEWAKK,111
kidney,roundabout,MARRHERVTRRMWTWAPGLLMMTVVFWGHQGNGQGQGSRLRQEDFPPRIVEHPSDVIVSKGEPTTLNCKAEGRPTPTIEWYKDGERVETDKDDPRSHRMLLPSGSLFFLRIVHGRRSKPDEGSYVCVARNYLGEAVSRNASLEVALLRDDFRQNPTDVVVAAGEPAILECQPPRGHPEPTIYWKKDKVRIDDKEERISIRGGKLMISNTRKSDAGMYTCVGTNMVGERDSDPAELTVFERPTFLRRPINQVVLEEEAVEFRCQVQGDPQPTVRWKKDDADLPRGRYDIKDDYTLRIKKTMSTDEGTYMCIAENRVGKMEASATLTVRARPVAPPQFVVRPRDQIVAQGRTVTFPCETKGNPQPAVFWQKEGSQNLLFPNQPQQPNSRCSVSPTGDLTITNIQRSDAGYYICQALTVAGSILAKAQLEVTDVLTDRPPPIILQGPANQTLAVDGTALLKCKATGDPLPVISWLKEGFTFPGRDPRATIQEQGTLQIKNLRISDTGTYTCVATSSSGETSWSAVLDVTESGATISKNYDLSDLPGPPSKPQVTDVTKNSVTLSWQPGTPGTLPASAYIIEAFSQSVSNSWQTVANHVKTTLYTVRGLRPNTIYLFMVRAINPQGLSDPSPMSDPVRTQDISPPAQGVDHRQVQKELGDVLVRLHNPVVLTPTTVQVTWTVDRQPQFIQGYRVMYRQTSGLQATSSWQNLDAKVPTERSAVLVNLKKGVTYEIKVRPYFNEFQGMDSESKTVRTTEEAPSAPPQSVTVLTVGSYNSTSISVSWDPPPPDHQNGIIQEYKIWCLGNETRFHINKTVDAAIRSVIIGGLFPGIQYRVEVAASTSAGVGVKSEPQPIIIGRRNEVVITENNNSITEQITDVVKQPAFIAGIGGACWVILMGFSIWLYWRRKKRKGLSNYAVTFQRGDGGLMSNGSRPGLLNAGDPSYPWLADSWPATSLPVNNSNSGPNEIGNFGRGDVLPPVPGQGDKTATMLSDGAIYSSIDFTTKTSYNSSSQITQATPYATTQILHSNSIHELAVDLPDPQWKSSIQQKTDLMGFGYSLPDQNKGNNALLYIPDYRLAEGLSNRMPHNQSQDFSTTSSHNSSERSGSLSGGKGGKKKKNKNSSKPQKNNGSTWANVPLPPPPVQPLPGTELEHYAVEQQENGYDSDSWCPPLPVQTYLHQGLEDELEEDDDRVPTPPVRGVASSPAISFGQQSTATLTPSPREEMQPMLQAHLDELTRAYQFDIAKQTWHIQSNNQPPQPPVPPLGYVSGALISDLETDVADDDADDEEEALEIPRPLRALDQTPGSSMDNLDSSVTGKAFTSSQRPRPTSPFSTDSNTSAALSQSQRPRPTKKHKGGRMDQQPALPHRREGMTDDLPPPPDPPPGQGLRQQIGPSQQAGNVENSAERKGSSLERQHASSLEDTKSSLDCPARTSLEWQRQTQEWISSTERQEDIRKAPHKQGVGSEEALVPYSKPSFPSPGGHSSSGTASSKGSTGPRKTEVLRAGHQRNASDLLDIGYMGSNSQGQFTGEL,1531
kidney,RecName:,MDALKSAGRALIRSPSLAKQSWGGGGRHRKLPENWTDTRETLLEGMLFSLKYLGMTLVEQPKGEELSAAAIKRIVATAKASGKKLQKVTLKVSPRGIILTDNLTNQLIENVSIYRISYCTADKMHDKVFAYIAQSQHNQSLECHAFLCTKRKMAQAVTLTVAQAFKVAFEFWQVSKEEKEKRDKASQEGGDVLGARQDCTPSLKSLVATGNLLDLEETAKAPLSTVSANTTNMDEVPRPQALSGSSVVWELDDGLDEAFSRLAQSRTNPQVLDTGLTAQDMHYAQCLSPVDWDKPDSSGTEQDDLFSF,308
heart,cytochrome,MRDDTIYEDEDVKEAIRRLPENLYNDRMFRIKRALDLNLKHQILPKEQWTKYEEENFYLEPYLKEVIRERKEREEWAKK,79
kidney,RecName:,MAAALRVAAVGARLSVLASGLRAAVRSLCSQATSVNERIENKRRTALLGGGQRRIDAQHKRGKLTARERISLLLDPGSFVESDMFVEHRCADFGMAADKNKFPGDSVVTGRGRINGRLVYVFSQDFTVFGGSLSGAHAQKICKIMDQAITVGAPVIGLNDSGGARIQEGVESLAGYADIFLRNVTASGVIPQISLIMGPCAGGAVYSPALTDFTFMVKDTSYLFITGPDVVKSVTNEDVTQEELGGAKTHTTMSGVAHRAFENDVDALCNLRDFFNYLPLSSQDPAPVRECHDPSDRLVPELDTIVPLESTKAYNMVDIIHSVVDEREFFEIMPNYAKNIIVGFARMNGRTVGIVGNQPKVASGCLDINSSVKGARFVRFCDAFNIPLITFVDVPGFLPGTAQEYGGIIRHGAKLLYAFAEATVPKVTVITRKAYGGAYDVMSSKHLCGDTNYAWPTAEIAVMGAKGAVEIIFKGHENVEAAQAEYIEKFANPFPAAVRGFVDDIIQPSSTRARICCDLDVLASKKVQRPWRKHANIPL,539
liver,RecName:,MAEAHQAVAFQFTVTPDGVDFRLSREALKHVYLSGINSWKKRLIRIKNGILRGVYPGSPTSWLVVIMATVGSSFCNVDISLGLVSCIQRCLPQGCGPYQTPQTRALLSMAIFSTGVWVTGIFFFRQTLKLLLCYHGWMFEMHGKTSNLTRIWAMCIRLLSSRHPMLYSFQTSLPKLPVPRVSATIQRYLESVRPLLDDEEYYRMELLAKEFQDKTAPRLQKYLVLKSWWASNYVSDWWEEYIYLRGRSPLMVNSNYYVMDLVLIKNTDVQAARLGNIIHAMIMYRRKLDREEIKPVMALGIVPMCSYQMERMFNTTRIPGKDTDVLQHLSDSRHVAVYHKGRFFKLWLYEGARLLKPQDLEMQFQRILDDPSPPQPGEEKLAALTAGGRVEWAQARQAFFSSGKNKAALEAIERAAFFVALDEESYSYDPEDEASLSLYGKALLHGNCYNRWFDKSFTLISFKNGQLGLNAEHAWADAPIIGHLWEFVLGTDSFHLGYTETGHCLGKPNPALAPPTRLQWDIPKQCQAVIESSYQVAKALADDVELYCFQFLPFGKGLIKKCRTSPDAFVQIALQLAHFRDRGKFCLTYEASMTRMFREGRTETVRSCTSESTAFVQAMMEGSHTKADLRDLFQKAAKKHQNMYRLAMTGAGIDRHLFCLYLVSKYLGVSSPFLAEVLSEPWRLSTSQIPQSQIRMFDPEQHPNHLGAGGGFGPVADDGYGVSYMIAGENTIFFHISSKFSSSETNAQRFGNHIRKALLDIADLFQVPKAYS,772
brain,RecName:,MDQPFTVNSLKKLAAMPDHTDVSLSPEERVRALSKLGCNITISEDITPRRYFRSGVEMERMASVYLEEGNLENAFVLYNKFITLFVEKLPNHRDYQQCAVPEKQDIMKKLKEIAFPRTDELKNDLLKKYNVEYQEYLQSKNKYKAEILKKLEHQRLIEAERKRIAQMRQQQLESEQFLFFEDQLKKQELARGQMRSQQTSGLSEQIDGSALSCFSTHQNNSLLNVFADQPNKSDATNYASHSPPVNRALTPAATLSAVQNLVVEGLRCVVLPEDLCHKFLQLAESNTVRGIETCGILCGKLTHNEFTITHVIVPKQSAGPDYCDMENVEELFNVQDQHDLLTLGWIHTHPTQTAFLSSVDLHTHCSYQLMLPEAIAIVCSPKHKDTGIFRLTNAGMLEVSACKKKGFHPHTKEPRLFSICKHVLVKDIKIIVLDLR,436
kidney,ammonium,MAGSPSRAAGRRLQLPLLCLFLQGATAVLFAVFVRYNHKTDAALWHRSNHSNADNEFYFRYPSFQDVHAMVFVGFGFLMVFLQRYGFSSVGFTFLLAAFALQWSTLVQGFLHSFHGGHIHVGVESMINADFCAGAVLISFGAVLGKTGPTQLLLMALLEVVLFGINEFVLLHLLGVRDAGGSMTIHTFGAYFGLVLSRVLYRPQLEKSKHRQGSVYHSDLFAMIGTIFLWIFWPSFNAALTALGAGQHRTALNTYYSLAASTLGTFALSALVGEDGRLDMVHIQNAALAGGVVVGTSSEMMLTPFGALAAGFLAGTVSTLGYKFFTPILESKFKVQDTCGVHNLHGMPGVLGALLGVLVAGLATHEAYGDGLESVFPLIAEGQRSATSQAMHQLFGLFVTLMFASVGGGLGGLLLKLPFLDSPPDSQHYEDQVHWQVPGEHEDKAQRPLRVEEADTQA,458
heart,Chain,VNCETSCVQQPPCFPLKIPPNDPRIKNQADCIPFFRSXPACPGSNITIRNQINALTSFVDASMVYGSEEPLARNLRNMSNQLGLLAVNQRFQDNGRALLPFDNLHDDPCLLTNRSARIPCFLAGDTRSSEMPELTSMHTLLLREHNRLATELKSLNPRWDGERLYQEARKIVGAMVQIITYRDYLPLVLGPTAMRKYLPTYRSYNDSVDPRIANVFTNAFRYGHTLIQPFMFRLDNRYQPMEPNPRVPLSRVFFASWRVVLEGGIDPILRGLMATPAKLNRQNQIAVDEIRERLFEQVMRIGLDLPALNMQRSRDHGLPGYNAWRRFCGLPQPETVGQLGTVLRNLKLARKLMEQYGTPNNIDIWMGGVSEPLKRKGRVGPLLACIIGTQFRKLRDGDRFWWENEGVFSMQQRQALAQISLPRIICDNTGITTVSKNNIFMSNSYPRDFVNCSTLPALNLASWREA,466
heart,N-alpha-acetyltransferase,MKGRIELGDVTPHNIKQLKRLNQVIFPVSYNDKFYKDVLEVGELAKLAYFNDIAVGAVCCRVDHSQNQKRLYIMTLGCLAPYRRLGIGTKMLNHVLNICEKDGTFDNIYLHVQISNESAIDFYRKFGFEIIETKKNYYKRIEPADAHVLQKNLKVPSGQNADVQKTDN,168
kidney,microsomal,MVDLTQVMDDEVFMAFASYATIILSKMMLMSTATAFYRLTRKVFANPEDCVAFGKGENAKKYLRTDDRVELIFFHRAHLNDLENIIPFLGIGLLYSLSGPDPSTAILHFRLFVGARIYHTIAYLTPLPQPNRALSFFVGYGVTLSMAYRLLKSKLYL,157
heart,Chain,MAGTSAPGSKRRSEPPAPRPGPPPGTGHPPSKRARGFSAAAAPDPDDPFGAHGDFTADDLEELDTLASQALSQCPAAARDVSSDHKVHRLLDGMSKNPSGKNRETVPIKDNFELEVLQAQYKELKEKMKVMEEEVLIKNGEIKILRDSLHQTESVLEEQRRSHFLLEQEKTQALSDKEKEFSKKLQSLQSELQFKDAEMNELRTKLQTSERANKLAAPSVSHVSPRKNPSVVIKPEACSPQFGKTSFPTKESFSANMSLPHPCQTESGYKPLVGREDSKPHSLRGDSIKQEEAQKSFVDSWRQRSNTQGSILINLLLKQPLIPGSSLSLCHLLSSSSESPAGTPLQPPGFGSTLAGMSGLRTTGSYDGSFSLSALREAQNLAFTGLNLVARNECSRDGDPAEGGRRAFPLCQLPGAVHFLPLVQFFIGLHCQALQDLAAAKRSGAPGDSPTHSSCVSSGVETNPEDSVCILEGFSVTALSILQHLVCHSGAVVSLLLSGVGADSAAGEGNRSLVHRLSDGDMTSALRGVADDQGQHPLLKMLLHLLAFSSAATGHLQASVLTQCLKVLVKLAENTSCDFLPRFQCVFQVLPKCLSPETPLPSVLLAVELLSLLADHDQLAPQLCSHSEGCLLLLLYMYITSRPDRVALETQWLQLEQEVVWLLAKLGVQSPLPPVTGSNCQCNVEVVRALTVMLHRQWLTVRRAGGPPRTDQQRRTVRCLRDTVLLLHGLSQKDKLFMMHCVEVLHQFDQVMPGVSMLIRGLPDVTDCEEAALDDLCAAETDVEDPEVECG,791
brain,RecName:,MKRTHLFIVGIYFLSSCRAEEGLNFPTYDGKDRVVSLSEKNFKQVLKKYDLLCLYYHEPVSSDKVTQKQFQLKEIVLELVAQVLEHKAIGFVMVDAKKEAKLAKKLGFDEEGSLYILKGDRTIEFDGEFAADVLVEFLLDLIEDPVEIISSKLEVQAFERIEDYIKLIGFFKSEDSEYYKAFEEAAEHFQPYIKFFATFDKGVAKKLSLKMNEVDFYEPFMDEPIAIPNKPYTEEELVEFVKEHQRPTLRRLRPEEMFETWEDDLNGIHIVAFAEKSDPDGYEFLEILKQVARDNTDNPDLSILWIDPDDFPLLVAYWEKTFKIDLFRPQIGVVNVTDADSVWMEIPDDDDLPTAEELEDWIEDVLSGKINTEDDDEDDDDDDNSDEEDNDDSDDDDDE,399
kidney,RecName:,MAQTQGTRRKVCYYYDGDVGNYYYGQGHPMKPHRIRMTHNLLLNYGLYRKMEIYRPHKANAEEMTKYHSDDYIKFLRSIRPDNMSEYSKQMQRFNVGEDCPVFDGLFEFCQLSTGGSVASAVKLNKQQTDIAVNWAGGLHHAKKSEASGFCYVNDIVLAILELLKYHQRVLYIDIDIHHGDGVEEAFYTTDRVMTVSFHKYGEYFPGTGDLRDIGAGKGKYYAVNYPLRDGIDDESYEAIFKPVMSKVMEMFQPSAVVLQCGSDSLSGDRLGCFNLTIKGHAKCVEFVKSFNLPMLMLGGGGYTIRNVARCWTYETAVALDTEIPNELPYNDYFEYFGPDFKLHISPSNMTNQNTNEYLEKIKQRLFENLRMLPHAPGVQMQAIPEDAIPEESGDEDEDDPDKRISICSSDKRIACEEEFSDSEEEGEGGRKNSSNFKKAKRVKTEDEKEKDPEEKKEVTEEEKTKEEKPEAKGVKEEVKLA,482
kidney,RecName:,MDPLRAQQLAAELEVEMMADMYNRMTSACHRKCVPPHYKEAELSKGESVCLDRCVSKYLDIHERMGKKLTELSMQDEELMKRVQQSSGPA,90
liver,RecName:,MGAPLLSPGWGAGAAGRRWWMLLAPLLPALLLVRPAGALVEGLYCGTRDCYEVLGVSRSAGKAEIARAYRQLARRYHPDRYRPQPGDEGPGRTPQSAEEAFLLVATAYETLKDEETRKDYDYMLDHPEEYYSHYYHYYSRRLAPKVDVRVVILVSVCAISVFQFFSWWNSYNKAISYLATVPKYRIQATEIAKQQGLLKKAKEKGKNKKSKEEIRDEEENIIKNIIKSKIDIKGGYQKPQICDLLLFQIILAPFHLCSYIVWYCRWIYNFNIKGKEYGEEERLYIIRKSMKMSKSQFDSLEDHQKETFLKRELWIKENYEVYKQEQEEELKKKLANDPRWKRYRRWMKNEGPGRLTFVDD,360
kidney,lysine-specific,MEVAEVESPLNPSCKIMTFRPSMEEFREFNKYLAYMESKGAHRAGLAKVIPPKEWKPRQCYDDIDNLLIPAPIQQMVTGQSGLFTQYNIQKKAMTVKEFRQLANSGKYCTPRYLDYEDLERKYWKNLTFVAPIYGADINGSIYDEGVDEWNIARLNTVLDVVEEECGISIEGVNTPYLYFGMWKTTFAWHTEDMDLYSINYLHFGEPKSWYAIPPEHGKRLERLAQGFFPSSSQGCDAFLRHKMTLISPSVLKKYGIPFDKITQEAGEFMITFPYGYHAGFNHGFNCAESTNFATVRWIDYGKVAKLCTCRKDMVKISMDIFVRKFQPDRYQLWKQGKDIYTIDHTKPTPASTPEVKAWLQRRRKVRKASRSFQCARSTSKRPKADEEEEVSDEVDGAEVPNPDSVTDDLKVSEKSEAAVKLRNTEASSEEESSASRMQVEQNLSDHIKLSGNSCLSTSVTEDIKTEDDKAYAYRSVPSISSEADDSIPLSSGYEKPEKSDPSELSWPKSPESCSSVAESNGVLTEGEESDVESHGNGLEPGEIPAVPSGERNSFKVPSIAEGENKTSKSWRHPLSRPPARSPMTLVKQQAPSDEELPEVLSIEEEVEETESWAKPLIHLWQTKSPNFAAEQEYNATVARMKPHCAICTLLMPYHKPDSSNEENDARWETKLDEVVTSEGKTKPLIPEMCFIYSEENIEYSPPNAFLEEDGTSLLISCAKCCVRVHASCYGIPSHEICDGWLCARCKRNAWTAECCLCNLRGGALKQTKNNKWAHVMCAVAVPEVRFTNVPERTQIDVGRIPLQRLKLGRLGI,813
kidney,arylsulfatase,MGWLFLKVLLAGVSFSGFLYPLVDFCISGKTRGQKPNFVIILADDMGWGDLGANWAETKDTANLDKMASEGMRFVDFHAAASTCSPSRASLLTGRLGLRNGVTRNFAVTSVGGLPLNETTLAEVLQQAGYVTGIIGKWHLGHHGSYHPNFRGFDYYFGIPYSHDMGCTDTPGYNHPPCPACPQGDGPSRNLQRDCYTDVALPLYENLNIVEQPVNLSSLAQKYAEKATQFIQRASTSGRPFLLYVALAHMHVPLPVTQLPAAPRGRSLYGAGLWEMDSLVGQIKDKVDHTVKENTFLWFTGDNGPWAQKCELAGSVGPFTGFWQTRQGGSPAKQTTWEGGHRVPALAYWPGRVPVNVTSTALLSVLDIFPTVVALAQASLPQGRRFDGVDVSEVLFGRSQPGHRVLFHPNSGAAGEFGALQTVRLERYKAFYITGGARACDGSTGPELQHKFPLIFNLEDDTAEAVPLERGGAEYQAVLPEVRKVLADVLQDIANDNISSADYTQDPSVTPCCNPYQIACRCQAA,525
muscle,type-1,MELPAVNLKVILLGHWLLTTWGCIVFSGSYAWANFTILALGVWAVAQRDSIDAISMFLGGLLATIFLDIVHISIFYPRVSLTDTGRFGVGMAILSLLLKPLSCCFVYHMYRERGGELLVHTGFLGSSQDRSAYQTIDSAEAPADPFAVPEGRSQDARGY,159
muscle,RecName:,MPGTKRFQHVIETPEPGKWELSGYEAAVPITEKSNPLTQDLDKADAENIVRLLGQCDAEIFQEEGQALSTYQRLYSESILTTMVQVAGKVQEVLKEPDGGLVVLSGGGTSGRMAFLMSVSFNQLMKGLGQKPLYTYLIAGGDRSVVASREGTEDSALHGIEELKKVAAGKKRVIVIGISVGLSAPFVAGQMDCCMNNTAVFLPVLVGFNPVSMARNDPIEDWSSTFRQVAERMQKMQEKQKAFVLNPAIGPEGLSGSSRMKGGSATKILLETLLLAAHKTVDQGIAASQRCLLEILRTFERAHQVTYSQSPKIATLMKSVSTSLEKKGHVYLVGWQTLGIIAIMDGVECIHTFGADFRDVRGFLIGDHSDMFNQKAELTNQGPQFTFSQEDFLTSILPSLTEIDTVVFIFTLDDNLTEVQTIVEQVKEKTNHIQALAHSTVGQTLPIPLKKLFPSIISITWPLLFFEYEGNFIQKFQRELSTKWVLNTVSTGAHVLLGKILQNHMLDLRISNSKLFWRALAMLQRFSGQSKARCIESLLRAIHFPQPLSDDIRAAPISCHVQVAHEKEQVIPIALLSLLFRCSITEAQAHLAAAPSVCEAVRSALAGPGQKRTADPLEILEPDVQ,625
kidney,RecName:,MLPAPAAPRWPPLLLLLLLLLPLARGAPARPAAGGQASELVVPTRLPGSAGELALHLSAFGKGFVLRLAPDDSFLAPEFKIERLGGSGRATGGERGLRGCFFSGTVNGEPESLAAVSLCRGLSGSFLLDGEEFTIQPQGAGGSLAQPHRLQRWGPAGARPLPRGPEWEVETGEGQRQERGDHQEDSEEESQEEEAEGASEPPPPLGATSRTKRFVSEARFVETLLVADASMAAFYGADLQNHILTLMSVAARIYKHPSIKNSINLMVVKVLIVEDEKWGPEVSDNGGLTLRNFCNWQRRFNQPSDRHPEHYDTAILLTRQNFCGQEGLCDTLGVADIGTICDPNKSCSVIEDEGLQAAHTLAHELGHVLSMPHDDSKPCTRLFGPMGKHHVMAPLFVHLNQTLPWSPCSAMYLTELLDGGHGDCLLDAPAAALPLPTGLPGRMALYQLDQQCRQIFGPDFRHCPNTSAQDVCAQLWCHTDGAEPLCHTKNGSLPWADGTPCGPGHLCSEGSCLPEEEVERPKPVADGGWAPWGPWGECSRTCGGGVQFSHRECKDPEPQNGGRYCLGRRAKYQSCHTEECPPDGKSFREQQCEKYNAYNYTDMDGNLLQWVPKYAGVSPRDRCKLFCRARGRSEFKVFEAKVIDGTLCGPETLAICVRGQCVKAGCDHVVDSPRKLDKCGVCGGKGNSCRKVSGSLTPTNYGYNDIVTIPAGATNIDVKQRSHPGVQNDGNYLALKTADGQYLLNGNLAISAIEQDILVKGTILKYSGSIATLERLQSFRPLPEPLTVQLLTVPGEVFPPKVKYTFFVPNDVDFSMQSSKERATTNIIQPLLHAQWVLGDWSECSSTCGAGWQRRTVECRDPSGQASATCNKALKPEDAKPCESQLCPL,889
kidney,RecName:,MTEDKVTGTLVFTVITAVLGSFQFGYDIGVINAPQQVIISHYRHVLGVPLDDRKAINNYVINSTDELPTISYSMNPKPTPWAEEETVAAAQLITMLWSLSVSSFAVGGMTASFFGGWLGDTLGRIKAMLVANILSLVGALLMGFSKLGPSHILIIAGRSISGLYCGLISGLVPMYIGEIAPTALRGALGTFHQLAIVTGILISQIIGLEFILGNYDLWHILLGLSGVRAILQSLLLFFCPESPRYLYIKLDEEVKAKQSLKRLRGYDDVTKDINEMRKEREEASSEQKVSIIQLFTNSSYRQPILVALMLHVAQQFSGINGIFYYSTSIFQTAGISKPVYATIGVGAVNMVFTAVSVFLVEKAGRRSLFLIGMSGMFVCAIFMSVGLVLLNKFSWMSYVSMIAIFLFVSFFEIGPGPIPWFMVAEFFSQGPRPAALAIAAFSNWTCNFIVALCFQYIADFCGPYVFFLFAGVLLAFTLFTFFKVPETKGKSFEEIAAEFQKKSGSAHRPKAAVEMKFLGATETV,524
kidney,lysine-specific,MWKTTFAWHTEDMDLYSINYLHFGEPKSWYAIPPEHGKRLERLAQGFFPSSSQGCDAFLRHKMTLISPSVLKKYGIPFDKITQEAGEFMITFPYGYHAGFNHGFNCAESTNFATVRWIDYGKVAKLCTCRKDMVKISMDIFVRKFQPDRYQLWKQGKDIYTIDHTKPTPASTPEVKAWLQRRRKVRKASRSFQCARSTSKRPKADEEEEVSDEVDGAEVPNPDSVTDDLKVSEKSEAAVKLRNTEASSEEESSASRMQVEQNLSDHIKLSGNSCLSTSVTEDIKTEDDKAYAYRSVPSISSEADDSIPLSSGYEKPEKSDPSELSWPKSPESCSSVAESNELPEVLSIEEEVEETESWAKPLIHLWQTKSPNFAAEQEYNATVARMKPHCAICTLLMPYHKPDSSNEENDARWETKLDEVVTSEGKTKPLIPEMCFIYSEENIEYSPPNAFLEEDGTSLLISCAKCCVRVHASCYGIPSHEICDGWLCARCKRNAWTAECCLCNLRGGALKQTKNNKWAHVMCAVAVPEVRFTNVPERTQIDVGRIPLQRLKLKCIFCRHRVKRVSGACIQCSYGRCPASFHVTCAHAAGVLMEPDDWPYVVNITCFRHKVNPNVKSKACEKVISVGQTVITKHRNTRYYSCRVMAVTSQTFYEVMFDDGSFSRDTFPEDIVSRDCLKLGPPAEGEVVQVKWPDGKLYGAKYFGSNIAHMYQVEFEDGSQIAMKREDIYTLDEELPKRVKARFSTASDMRFEDTFYGADIIQGERKRQRVLSSRFKNEYVADPVYRTFLKSSFQKKCQKRQ,801
kidney,RecName:,MDGEDIPDFSSLKEETAYWKELSLKYKQSFQEARDELVEFQEGSRELEAELEAQLVQAEQRNRDLQADNQRLKYEVEALKEKLEHQYAQSYKQVSVLEDDLSQTRAIKEQLHKYVRELEQANDDLERAKRATIVSLEDFEQRLNQAIERNAFLESELDEKESLLVSVQRLKDEARDLRQELAVRERQQEVTRKSAPSSPTLDCEKMDSAVQASLSLPATPVGKGTENTFPSPKAIPNGFGTSPLTPSARISALNIVGDLLRKVGALESKLAACRNFAKDQASRKSYISGNVNCGVLNGNGTKFSRSGHTSFFDKGAVNGFDPAPPPPGLGSSRPSSAPGMLPLSV,345
kidney,protein,MGSKRRRATSPSSSVSGDFDDGHHSVSTPGPSRKRRRLSNLPTVDPIAVCHELYNTIRDYKDEQGRLLCELFIRAPKRRNQPDYYEVVSQPIDLMKIQQKLKMEEYDDVNLLTADFQLLFNNAKSYYKPDSPEYKAACKLWDLYLRTRNEFVQKGEADDEDDDEDGQDNQGTVTEGSSPAYLKEILEQLLEAIVVATNPSGRLISELFQKLPSKVQYPDYYAIIKEPIDLKTIAQRIQNGSYKSIHAMAKDIDLLAKNAKTYNEPGSQVFKDANSIKKIFYMKKAEIEHHEMAKSSLRMRTPSNLAAARLTGPSHSKGSLGEERNPTSKYYRNKRAVQGGRLSAITMALQYGSESEEDAALAAARYEEGESEAESITSFMDVSNPFYQLYDTVRSCRNNQGQLIAEPFYHLPSKKKYPDYYQQIKMPISLQQIRTKLKNQEYETLDHLECDLNLMFENAKRYNVPNSAIYKRVLKLQQVMQAKKKELARRDDIEDGDSMISSATSDTGSAKRKSKKNIRKQRMKILFNVVLEAREPGSGRRLCDLFMVKPSKKDYPDYYKIILEPMDLKIIEHNIRNDKYAGEEGMIEDMKLMFRNARHYNEEGSQVYNDAHILEKLLKEKRKELGPLPDDDDMASPKLKLSRKSGISPKKSKYMTPMQQKLNEVYEAVKNYTDKRGRRLSAIFLRLPSRSELPDYYLTIKKPMDMEKIRSHMMANKYQDIDSMVEDFVMMFNNACTYNEPESLIYKDALVLHKVLLETRRDLEGDEDSHVPNVTLLIQELIHNLFVSVMSHQDDEGRCYSDSLAEIPAVDPNFPNKPPLTFDIIRKNVENNRYRRLDLFQEHMFEVLERARRMNRTDSEIYEDAVELQQFFIKIRDELCKNGEILLSPALSYTTKHLHNDVEKERKEKLPKEIEEDKLKREEEKRAEKSEDSSGAAGLSGLHRTYSQDCSFKNSMYHVGDYVYVEPAEANLQPHIVCIERLWEDSAGEKWLYGCWFYRPNETFHLATRKFLEKEVFKSDYYNKVPVSKILGKCVVMFVKEYFKLCPENFRDEDVFVCESRYSAKTKSFKKIKLWTMPISSVRFVPRDVPLPVVRVASVFANADKGDDEKNTDNSEDSRAEDNFNLEKEKEDVPVEMSNGEPGCHYFEQLHYNDMWLKVGDCVFIKSHGLVRPRVGRIEKVWVRDGAAYFYGPIFIHPEETEHEPTKMFYKKEVFLSNLEETCPMTCILGKCAVLSFKDFLSCRPTEIPENDILLCESRYNESDKQMKKFKGLKRFSLSAKVVDDEIYYFRKPIVPQKEPSPLLEKKIQLLEAKFAELEGGDDDIEEMGEEDSEVIEPPSLPQLQTPLASELDLMPYTPPQSTPKSAKGSAKKEGSKRKINMSGYILFSSEMRAVIKAQHPDYSFGELSRLVGTEWRNLETAKKAEYEERAAKVAEQQERERAAQQQQPSASPRAGTPVGALMGVVPPPTPMGMLNQQLTPVAGVMNQGVAPMVGTPAPGGSPYGQQVGVLGPPGQQAPPPYPGPHPAGPPVIQQPTTPMFVAPPPKTQRLLHSEAYLKYIEGLSAESNSISKWDQTLAARRRDVHLSKEQESRLPSHWLKSKGAHTTMADALWRLRDLMLRDTLNIRQAYNLENV,1636
muscle,RecName:,MSRDRFRSRGGGGGGFHRRGGGGGRGGLHDFRSPPPGMGLNQNRGPMGPGPGQSGPKPPIPPPPPHQQQQQPPPQQPPPQQPPPHQPPPHPQPHQQQQPPPPPQDSSKPVVAQGPGPAPGVGSAPPASSSAPPATPPTSGAPPGSGPGPTPTPPPAVTSAPPGAPPPTPPSSGVPTTPPQAGGPPPPPAAVPGPGPGPKQGPGPGGPKGGKMPGGPKPGGGPGLSTPGGHPKPPHRGGGEPRGGRQHHPPYHQQHHQGPPPGGPGGRSEEKISDSEGFKANLSLLRRPGEKTYTQRCRLFVGNLPADITEDEFKRLFAKYGEPGEVFINKGKGFGFIKLESRALAEIAKAELDDTPMRGRQLRVRFATHAAALSVRNLSPYVSNELLEEAFSQFGPIERAVVIVDDRGRSTGKGIVEFASKPAARKAFERCSEGVFLLTTTPRPVIVEPLEQLDDEDGLPEKLAQKNPMYQKERETPPRFAQHGTFEYEYSQRWKSLDEMEKQQREQVEKNMKDAKDKLESEMEDAYHEHQANLLRQDLMRRQEELRRMEELHNQEMQKRKEMQLRQEEERRRREEEMMIRQREMEEQMRRQREESYSRMGYMDPRERDMRMGGGGAMNMGDPYGSGGQKFPPLGGGGGIGYEANPGVPPATMSGSMMGSDMRTERFGQGGAGPVGGQGPRGMGPGTPAGYGRGREEYEGPNKKPRF,707
kidney,RecName:,MEETIKDPPTSAVLLDHCHFSQVIFNSVEKFYIPGGDVTCHYTFTQHFIPRRKDWIGIFRVGWKTTREYYTFMWVTLPIDLNNKSAKQQEVQFKAYYLPKDDEYYQFCYVDEDGVVRGASIPFQFRPENEEDILVVTTQGEVEEIEQHNKELCKENQELKDSCISLQKQNSDMQAELQKKQEELETLQSINKKLELKVKEQKDYWETELLQLKEQNQKMSSENEKMGIRVDQLQAQLSTQEKEMEKLVQGDQDKTEQLEQLKKENDHLFLSLTEQRKDQKKLEQTVEQMKQNETTAMKKQQELMDENFDLSKRLSENEIICNALQRQKERLEGENDLLKRENSRLLSYMGLDFNSLPYQVPTSDEGGARQNPGLAYGNPYSGIQESSSPSPLSIKKCPICKADDICDHTLEQQQMQPLCFNCPICDKIFPATEKQIFEDHVFCHSL,446
kidney,RecName:,MQRSPPGYGAQDDPPARRDCAWAPGHGAAADTRGLAAGPAALAAPAAPASPPSPQRSPPRSPEPGRYGLSPAGRGERQAADESRIRRPMNAFMVWAKDERKRLAQQNPDLHNAVLSKMLGKAWKELNAAEKRPFVEEAERLRVQHLRDHPNYKYRPRRKKQARKARRLEPGLLLPGLAPPQPPPEPFPAASGSARAFRELPPLGAEFDGLGLPTPERSPLDGLEPGEAAFFPPPAAPEDCALRPFRAPYAPTELSRDPGGCYGAPLAEALRTAPPAAPLAGLYYGTLGTPGPYPGPLSPPPEAPPLESAEPLGPAADLWADVDLTEFDQYLNCSRTRPDAPGLPYHVALAKLGPRAMSCPEESSLISALSDASSAVYYSACISG,384
kidney,RecName:,MALRRPPRLRLCARLPDFFLLLLFRGCLIGAVNLKSSNRTPVVQEFESVELSCIITDSQTSDPRIEWKKIQDEQTTYVFFDNKIQGDLAGRAEILGKTSLKIWNVTRRDSALYRCEVVARNDRKEIDEIVIELTVQVKPVTPVCRVPKAVPVGKMATLHCQESEGHPRPHYSWYRNDVPLPTDSRANPRFRNSSFHLNSETGTLVFTAVHKDDSGQYYCIASNDAGSARCEEQEMEVYDLNIGGIIGGVLVVLAVLALITLGICCAYRRGYFINNKQDGESYKNPGKPDGVNYIRTDEEGDFRHKSSFVI,310
heart,integrator,MSPSKRSSQKYIIEGLTEKSSQIVDPWERSYGDILHRMKDLCRYMNNFDSEAHAKYKNQVVYSTMLVFFKNAFQYVNSIQPSLFQGPNAPSQVPLVLLEDVSNVYGDVEIDRNKHIHKKRKLAEGREKTMSSDDEDCSAKGRNRHIVVNKAELANSTEVLESFKLARESWELLYSLEFLDKEFTRICLAWKTDTWLWLRIFLTDMIIYQGQYKKAIASLHHLAALQGSISQPQITGQGTLEHQRALIQLATCHFALGEYRMTCEKVLDLMCYMVLPIQDGGKSQEEPSKVKPKFRKGSDLKLLPCTSKAIMPYCLHLMLACFKLRAFTDNRDDMALGHVIVLLQQEWPRGENLFLKAVNKICQQGNFQYENFFNYVTNIDMLEEFAYLRTQEGGKIHLELLPNQGMLIKPSSPPMGLLQQEFLPVLQPSIQTADRHHTVTRGITKGVKEDFRLAMERQVSRCGENLMVVLHRFCINEKILLLQTLT,486
brain,RecName:,MENAHTKTVEEVLGHFGVNESTGLSLEQVKKLKERWGSNELPAEEGKTLLELVIEQFEDLLVRILLLAACISFVLAWFEEGEETITAFVEPFVILLILVANAIVGVWQERNAENAIEALKEYEPEMGKVYRQDRKSVQRIKAKDIVPGDIVEIAVGDKVPADIRLTSIKSTTLRVDQSILTGESVSVIKHTDPVPDPRAVNQDKKNMLFSGTNIAAGKAMGVVVATGVNTEIGKIRDEMVATEQERTPLQQKLDEFGEQLSKVISLICIAVWIINIGHFNDPVHGGSWIRGAIYYFKIAVALAVAAIPEGLPAVITTCLALGTRRMAKKNAIVRSLPSVETLGCTSVICSDKTGTLTTNQMSVCRMFILDRVEGDTCSLNEFTITGSTYAPIGEVHKDDKPVNCHQYDGLVELATICALCNDSALDYNEAKGVYEKVGEATETALTCLVEKMNVFDTELKGLSKIERANACNSVIKQLMKKEFTLEFSRDRKSMSVYCTPNKPSRTSMSKMFVKGAPEGVIDRCTHIRVGSTKVPMTSGVKQKIMSVIREWGSGSDTLRCLALATHDNPLRREEMHLEDSANFIKYETNLTFVGCVGMLDPPRIEVASSVKLCRQAGIRVIMITGDNKGTAVAICRRIGIFGQDEDVTSKAFTGREFDELNPSAQRDACLNARCFARVEPSHKSKIVEFLQSFDEITAMTGDGVNDAPALKKAEIGIAMGSGTAVAKTASEMVLADDNFSTIVAAVEEGRAIYNNMKQFIRYLISSNVGEVVCIFLTAALGFPEALIPVQLLWVNLVTDGLPATALGFNPPDLDIMNKPPRNPKEPLISGWLFFRYLAIGCYVGAATVGAAAWWFIAADGGPRVSFYQLSHFLQCKEDNPDFEGVDCAIFESPYPMTMALSVLVTIEMCNALNSLSENQSLLRMPPWENIWLVGSICLSMSLHFLILYVEPLPLIFQITPLNVTQWLMVLKISLPVILMDETLKFVARNYLEPGKECVQPATKSCSFSACTDGISWPFVLLIMPLVIWVYSTDTNFSDMFWS,1042
kidney,intraflagellar,MKFTNTKVQMMQNVHLAPETDEDDLYSGYNDYNPIYDIEELENDAAFQQAVRTSHGRRPPITAKISSTAVTRPIATGYGSKTSLASSIGRPMTGAIQDGVTRPMTAVRAAGFTKAALRGSAFDPLSQSRGPASPLEAKKKDSPEEKIKQLEKEVNELVEESCIANSCGDLKLALEKAKDAGRKERVLVRQREQVTTPENINLDLTYSVLFNLASQYSVNEMYAEALNTYQVIVKNKMFSNAGILKMNMGNIYLKQRNYSKAIKFYRMALDQVPSVNKQMRIKIMQNIGVTFIQAGQYSDAINSYEHIMSMAPNLKAGYNLTICYFAIGDREKMKKAFQKLITVPLEIDEDKYISPSDDPHTNLVTEAIKNDHLRQMERERKAMAEKYIMTSAKLIAPVIETSFAAGYDWCVEVVKASQYVELANDLEINKAVTYLRQKDYNQAVEILKVLEKKDSRVKSAAATNLSALYYMGKDFAQASSYADIAVNSDRYNPAALTNKGNTVFANGDYEKAAEFYKEALRNDSSCTEALYNIGLTYEKLNRLDEALDCFLKLHAILRNSAEVLYQIANIYELMENPSQAIEWLMQVVSVIPTDPQVLSKLGELYDREGDKSQAFQYYYESYRYFPCNIEVIEWLGAYYIDTQFWEKAIQYFERASLIQPTQVKWQLMVASCFRRSGNYQKALDTYKDTHRKFPENVECLRFLVRLCTDLGLKDAQEYARKLKRLEKMKEIREQRIKSGRDGSGGSRGKREGSASGDSGQNYSASSKGERLSARLRALPGTNEPYESSSNKEIDASYVDPLGPQIERPKTAAKKRIDEDDFADEELGDDLLPE,833
heart,RecName:,MNDTVTIRTRKFMTNRLLQRKQMVIDVLHPGKATVPKTEIREKLAKMYKTTPDVIFVFGFRTHFGGGKTTGFGMIYDSLDYAKKNEPKHRLARHGLYEKKKTSRKQRKERKNRMKKVRGTAKANVGAGKKPKE,133
muscle,Chain,MGSSHHHHHHSSGLVPRGSHMSKPHSEAGTAFIQTQQLHAAMADTFLEHMCRLDIDSPPITARNTGIICTIGPASRSVETLKEMIKSGMNVARLNFSHGTHEYHAETIKNVRTATESFASDPILYRPVAVALDTKGPEIRTGLIKGSGTAEVELKKGATLKITLDNAYMEKCDENILWLDYKNICKVVEVGSKIYVDDGLISLQVKQKGADFLVTEVENGGSLGSKKGVNLPGAAVDLPAVSEKDIQDLKFGVEQDVDMVFASFIRKASDVHEVRKVLGEKGKNIKIISKIENHEGVRRFDEILEASDGIMVARGDLGIEIPAEKVFLAQKMMIGRCNRAGKPVICATQMLESMIKKPRPTRAEGSDVANAVLDGADCIMLSGETAKGDYPLEAVRMQHLIAREAEAAIYHLQLFEELRRLAPITSDPTEATAVGAVEASFKCCSGAIIVLTKSGRSAHQVARYRPRAPIIAVTRNPQTARQAHLYRGIFPVLCKDPVQEAWAEDVDLRVNFAMNVGKARGFFKKGDVVIVLTGWCPGSGFTNTMRVVPVP,551
heart,RecName:,MSQAEFEKAAEEVRHLKTKPSDEEMLFIYGHYKQATVGDINTERPGMLDFTGKAKWDAWNELKGTSKEDAMKAYINKVEELKKKYGI,87
kidney,Chain,ELCDDDPPEIPHATFKAMAYKEGTMLNCECKRGFRRIKSGSLYMLCTGNSSHSSWDNQCQCTSSATRNTTKQVTPQPEEQKERKTTEMQSPMQPVDQASLPGHCREPPPWENEATERIYHFVVGQMVYYQCVQGYRALHRGPAESVCKMTHGKTRWTQPQLICTGEMETSQFPGEEKPQASPEGRPESETSCLVTTTDFQIQTEMAATMETSIFTTEHHHHHH,223
kidney,RecName:,MADVEDGEETCALASHSGSSGSKSGGDKMFSLKKWNAVAMWSWDVECDTCAICRVQVMDACLRCQAENKQEDCVVVWGECNHSFHNCCMSLWVKQNNRCPLCQQDWVVQRIGK,113
brain,PUTATIVE,MSSHKTFKIKQFLAKKQKQNRPIPQWIRMKTGNKIRYNSKRRHWKRTKLGL,51
brain,RecName:,MDPRNTAMLGLGSDSEGFSRKSPSAISTGTLVSKREVELEKNTKEEEDLRKRNRERNIEAGKDDGLTDAQQQFSVKETNFSEGNLKLKIGLQAKRTKKPPKNLENYVCRPAIKTTIKHPRKALKSGKMTDEKNEHCPSKRDPSKLYKKADDVAAIECQSEEVIRLHSQGENNPLSKKLSPVHSEMADYINATPSTLLGSRDPDLKDRALLNGGTSVTEKLAQLIATCPPSKSSKTKPKKLGTGTTAGLVSKDLIRKAGVGSVAGIIHKDLIKKPTISTAVGLVTKDPGKKPVFNAAVGLVNKDSVKKLGTGTTAVFINKNLGKKPGTITTVGLLSKDSGKKLGIGIVPGLVHKESGKKLGLGTVVGLVNKDLGKKLGSTVGLVAKDCAKKIVASSAMGLVNKDIGKKLMSCPLAGLISKDAINLKAEALLPTQEPLKASCSTNINNQESQELSESLKDSATSKTFEKNVVRQNKESILEKFSVRKEIINLEKEMFNEGTCIQQDSFSSSEKGSYETSKHEKQPPVYCTSPDFKMGGASDVSTAKSPFSAVGESNLPSPSPTVSVNPLTRSPPETSSQLAPNPLLLSSTTELIEEISESVGKNQFTSESTHLNVGHRSVGHSISIECKGIDKEVNDSKTTHIDIPRISSSLGKKPSLTSESSIHTITPSVVNFTSLFSNKPFLKLGAVSASDKHCQVAESLSTSLQSKPLKKRKGRKPRWTKVVARSTCRSPKGLELERSELFKNVSCSSLSNSNSEPAKFMKNIGPPSFVDHDFLKRRLPKLSKSTAPSLALLADSEKPSHKSFATHKLSSSMCVSSDLLSDIYKPKRGRPKSKEMPQLEGPPKRTLKIPASKVFSLQSKEEQEPPILQPEIEIPSFKQGLSVSPFPKKRGRPKRQMRSPVKMKPPVLSVAPFVATESPSKLESESDNHRSSSDFFESEDQLQDPDDLDDSHRPSVCSMSDLEMEPDKKITKRNNGQLMKTIIRKINKMKTLKRKKLLNQILSSSVESSNKGKVQSKLHNTVSSLAATFGSKLGQQINVSKKGTIYIGKRRGRKPKTVLNGILSGSPTSLAVLEQTAQQAAGSALGQILPPLLPSSASSSEILPSPICSQSSGTSGGQSPVSSDAGFVEPSSVPYLHLHSRQGSMIQTLAMKKASKGRRRLSPPTLLPNSPSHLSELTSLKEATPSPISESHSDETIPSDSGIGTDNNSTSDRAEKFCGQKKRRHSFEHVSLIPPETSTVLSSLKEKHKHKCKRRNHDYLSYDKMKRQKRKRKKKYPQLRNRQDPDFIAELEELISRLSEIRITHRSHHFIPRDLLPTIFRINFNSFYTHPSFPLDPLHYIRKPDLKKKRGRPPKMREAMAEMPFMHSLSFPLSSTGFYPSYGMPYSPSPLTAAPIGLGYYGRYPPTLYPPPPSPSFTTPLPPPSYMHAGHLLLNPAKYHKKKHKLLRQEAFLTTSRTPLLSMSTYPSVPPEMAYGWMVEHKHRHRHKHREHRSSEQPQVSMDTGSSRSVLESLKRYRFGKDAVGERYKHKEKHRCHMSCPHLSPSKSLINREEQWVHREPSESSPLALGLQTPLQIDCSESSPSLSLGGFTPNSEPASSDEHTNLFTSAIGSCRVSNPNSSGRKKLTDSPGLFSAQDTSLNRLHRKESLPSNERAVQTLAGSQPTSDKPSQRPSESTNCSPTRKRSSSESTSSTVNGVPSRSPRLVASGDDSVDSLLQRMVQNEDQEPMEKSIDAVIATASAPPSSSPGRSHSKDRTLGKPDSLLVPAVTSDSCNNSISLLSEKLTSSCSPHHIKRSVVEAMQRQARKMCNYDKILATKKNLDHVNKILKAKKLQRQARTGNNFVKRRPGRPRKCPLQAVVSMQAFQAAQFVNPELNRDEEGAALHLSPDTVTDVIEAVVQSVNLNPEHKKGLKRKGWLLEEQTRKKQKPLPEEEEQENNKSFNEAPVEIPSPSETPAKPSEPESTLQPVLSLIPREKKPPRPPKKKYQKAGLYSDVYKTTDPKSRLIQLKKEKLEYTPGEHEYGLFPAPIHVVFFVSGKYLRQKRIDFQLPYDILWQWKHNQLYKKPDVPLYKKIRSNVYVDVKPLSGYEATTCNCKKPDDDTRKGCVDDCLNRMIFAECSPNTCPCGEQCCNQRIQRHEWVQCLERFRAEEKGWGIRTKEPLKAGQFIIEYLGEVVSEQEFRNRMIEQYHNHSDHYCLNLDSGMVIDSYRMGNEARFINHSCDPNCEMQKWSVNGVYRIGLYALKDMPAGTELTYDYNFHSFNVEKQQLCKCGFEKCRGIIGGKSQRVNGLTSSKNSQPMATHKKSGRSKEKRKSKHKLKKRRGHLSEEPSENINTPTRLTPQLQMKPMSNRERNFVLKHHVFLVRNWEKIRQKQEEVKHTSDNIHSASLYTRWNGICRDDGNIKSDVFMTQFSALQTARSVRTRRLAAAEENIEVARAARLAQIFKEICDGIISYKDSSRQALAAPLLNLPPKKKNADYYEKISDPLDLITIEKQILTGYYKTVEAFDADMLKVFRNAEKYYGRKSPVGRDVCRLRKAYYNARHEASAQIDEIVGETASEADSSETSVSEKENGHEKDDDVIRCICGLYKDEGLMIQCDKCMVWQHCDCMGVNSDVEHYLCEQCDPRPVDREVPMIPRPHYAQPGCVYFICLLRDDLLLRQGDCVYLMRDSRRTPDGHPVRQSYRLLSHINRDKLDIFRIEKLWKNEKEERFAFGHHYFRPHETHHSPSRRFYHNELFRVPLYEIIPLEAVVGTCCVLDLYTYCKGRPKGVKEQDVYICDYRLDKSAHLFYKIHRNRYPVCTKPYAFDHFPKKLTPKKDFSPHYVPDNYKRNGGRSSWKSERSKPPLKDLGQEDDALPLIEEVLASQEQAANEIPSLEEPEREGATANVSEGEKKTEESSQEPQSTCTPEERRHNQRERLNQILLNLLEKIPGKNAIDVTYLLEEGSGRKLRRRTLFIPENSFRK,2969
kidney,putative,MDVLLRVFVERRQQYFSDLFNILDTAIIVILLLVDVVYIFFDIKLLRNIPRWTHLLRLLRLIILLRIFHLFHQKRQLEKLIRRRVSENKRRYTRDGFDLDLTYVTERIIAMSFPSSGRQSFYRNPIKEVVRFLDKKHRNHYRVYNLCSERAYDPKHFHNRVVRIMIDDHNVPTLHQMVVFTKEVNEWMAQDLENIVAIHCKGGTDRTGTMVCAFLIASEICSTAKESLYYFGERRTDKTHSEKFQGVKTPSQKRYVAYFAQVKHLYNWNLPPRRILFIKHFIIYSIPRYVRDLKIQIEMEKKVVFSTISLGKCSVLDNITTDKILIDVFDGLPLYDDVKVQFFYSNLPTYYDNCSFYFWLHTSFIENNRLYLPKNELDNLHKQKARRIYPSDFAVEILFGEKMTSSDVVAGSD,413
kidney,RecName:,MELAALCRWGLLLALLPPGAASTQVCTGTDMKLRLPASPETHLDMLRHLYQGCQVVQGNLELTYLPTNASLSFLQDIQEVQGYVLIAHNQVRQVPLQRLRIVRGTQLFEDNYALAVLDNGDPLNNTTPVTGASPGGLRELQLRSLTEILKGGVLIQRNPQLCYQDTILWKDIFHKNNQLALTLIDTNRSRACHPCSPMCKGSRCWGESSEDCQSLTRTVCAGGCARCKGPLPTDCCHEQCAAGCTGPKHSDCLACLHFNHSGICELHCPALVTYNTDTFESMPNPEGRYTFGASCVTACPYNYLSTDVGSCTLVCPLHNQEVTAEDGTQRCEKCSKPCARVCYGLGMEHLREVRAVTSANIQEFAGCKKIFGSLAFLPESFDGDPASNTAPLQPEQLQVFETLEEITGYLYISAWPDSLPDLSVFQNLQVIRGRILHNGAYSLTLQGLGISWLGLRSLRELGSGLALIHHNTHLCFVHTVPWDQLFRNPHQALLHTANRPEDECVGEGLACHQLCARGHCWGPGPTQCVNCSQFLRGQECVEECRVLQGLPREYVNARHCLPCHPECQPQNGSVTCFGPEADQCVACAHYKDPPFCVARCPSGVKPDLSYMPIWKFPDEEGACQPCPINCTHSCVDLDDKGCPAEQRASPLTSIISAVVGILLVVVLGVVFGILIKRRQQKIRKYTMRRLLQETELVEPLTPSGAMPNQAQMRILKETELRKVKVLGSGAFGTVYKGIWIPDGENVKIPVAIKVLRENTSPKANKEILDEAYVMAGVGSPYVSRLLGICLTSTVQLVTQLMPYGCLLDHVRENRGRLGSQDLLNWCMQIAKGMSYLEDVRLVHRDLAARNVLVKSPNHVKITDFGLARLLDIDETEYHADGGKVPIKWMALESILRRRFTHQSDVWSYGVTVWELMTFGAKPYDGIPAREIPDLLEKGERLPQPPICTIDVYMIMVKCWMIDSECRPRFRELVSEFSRMARDPQRFVVIQNEDLGPASPLDSTFYRSLLEDDDMGDLVDAEEYLVPQQGFFCPDPAPGAGGMVHHRHRSSSTRSGGGDLTLGLEPSEEEAPRSPLAPSEGAGSDVFDGDLGMGAAKGLQSLPTHDPSPLQRYSEDPTVPLPSETDGYVAPLTCSPQPEYVNQPDVRPQPPSPREGPLPAARPAGATLERPKTLSPGKNGVVKDVFAFGGAVENPEYLTPQGGAAPQPHPPPAFSPAFDNLYYWDQDPPERGAPPSTFKGTPTAENPEYLGLDVPV,1255
kidney,ras,MSGEPELIELRELAPAGRAGKGRTRLERANALRIARGTACNPTRQLVPGRGHRFQPAGPATHTWCDLCGDFIWGVVRKGLQCARLSADCKFTCHYRCRALVCLDCCGPRDLGWEPAVERDTNVDEPVEWETPDLSQAEIEQKIKEYNAQINSNLFMSLNKDGSYTGFIKVQLKLVRPVSVPSSKKPPSLQDARRGPGRGTSVRRRTSFYLPKDAVKHLHVLSRTRAREVIEALLRKFLVVDDPRKFALFERAERHGQVYLRKLLDDEQPLRLRLLAGPSDKALSFVLKENDSGEVNWDAFSMPELHNFLRILQREEEEHLRQILQKYSYCRQKIQEALHACPLG,344
kidney,peroxisome,MDETSPRLEEDWKKVLQREAGWQCAALVGEDQPLCPDLPELDLSELDVNDLDTDSFLGGLKWCSDQSEIISNQYNNEPSNIFEKIDEENEANLLAVLTETLDSLPVDEDGLPSFDALTDGDVTTDNEASPSSMPDGTPPPQEAEEPSLLKKLLLAPANTQLSYNECSGLSTQNHANHNHRIRTNPAIVKTENSWSNKAKSICQQQKPQRRPCSELLKYLTTNDDPPHTKPTENRNSSRDKCTSKKKSHTQSQSQHLQAKPTTLSLPLTPESPNDPKGSPFENKTIERTLSVELSGTAGLTPPTTPPHKANQDNPFRASPKLKSSCKTVVPPPSKKPRYSESSGTQGNNSTKKGPEQSELYAQLSKSSVLTGGHEERKTKRPSLRLFGDHDYCQSINSKTEILINISQELQDSRQLENKDVSSDWQGQICSSTDSDQCYLRETLEASKQVSPCSTRKQLQDQEIRAELNKHFGHPSQAVFDDEADKTGELRDSDFSNEQFSKLPMFINSGLAMDGLFDDSEDESDKLSYPWDGTQSYSLFNVSPSCSSFNSPCRDSVSPPKSLFSQRPQRMRSRSRSFSRHRSCSRSPYSRSRSRSPGSRSSSRSCYYYESSHYRHRTHRNSPLYVRSRSRSPYSRRPRYDSYEEYQHERLKREEYRREYEKRESERAKQRERQRQKAIEERRVIYVGKIRPDTTRTELRDRFEVFGEIEECTVNLRDDGYGFITYRYTCDAFAALENGYTLRRSNETDFELYFCGRKQFFKSNYADLDSNSDDFDPASTKSKYDSLDFDSLLKEAQRSLRR,801
brain,RecName:,MGQEPRTLPPSPNWYCARCSDAVPGGLFGFAARTSVFLVRVGPGAGESPGTPPFRVIGELVGHTERVSGFTFSHHPGQYNLCATSSDDGTVKIWDVETKTVVTEHALHQHTISTLHWSPRVKDLIVSGDEKGVVFCYWFNRNDSQHLFIEPRTIFCLTCSPHHEDLVAIGYKDGIVVIIDISKKGEVIHRLRGHDDEIHSIAWCPLPGEDCLSINQEETSEEAEITNGNAVAQAPVTKGCYLATGSKDQTIRIWSCSRGRGVMILKLPFLKRRGGGIDPTVKERLWLTLHWPSNQPTQLVSSCFGGELLQWDLTQSWRRKYTLFSASSEGQNHSRIVFNLCPLQTEDDKQLLLSTSMDRDVKCWDIATLECSWTLPSLGGFAYSLAFSSVDIGSLAIGVGDGMIRVWNTLSIKNNYDVKNFWQGVKSKVTALCWHPTKEGCLAFGTDDGKVGLYDTYSNKPPQISSTYHKKTVYTLAWGPPVPPMSLGGEGDRPSLALYSCGGEGIVLQHNPWKLSGEAFDINKLIRDTNSIKYKLPVHTEISWKADGKIMALGNEDGSIEIFQIPNLKLICTIQQHHKLVNTISWHHEHGSQPELSYLMASGSNNAVIYVHNLKTVIESSPESPVTITEPYRTLSGHTAKITSVAWSPHHDGRLVSASYDGTAQVWDALREEPLCNFRGHRGRLLCVAWSPLDPDCIYSGADDFCVHKWLTSMQDHSRPPQGKKSIELEKKRLSQPKAKPKKKKKPTLRTPVKLESIDGNEEESMKENSGPVENGVSDQEGEEQAREPELPCGLAPAVSREPVICTPVSSGFEKSKVTINNKVILLKKEPPKEKPETLIKKRKARSLLPLSTSLDHRSKEELHQDCLVLATAKHSRELNEDVSADVEERFHLGLFTDRATLYRMIDIEGKGHLENGHPELFHQLMLWKGDLKGVLQTAAERGELTDNLVAMAPAAGYHVWLWAVEAFAKQLCFQDQYVKAASHLLSIHKVYEAVELLKSNHFYREAIAIAKARLRPEDPVLKDLYLSWGTVLERDGHYAVAAKCYLGATCAYDAAKVLAKKGDAASLRTAAELAAIVGEDELSASLALRCAQELLLANNWVGAQEALQLHESLQGQRLVFCLLELLSRHLEEKQLSEGKSSSSYHTWNTGTEGPFVERVTAVWKSIFSLDTPEQYQEAFQKLQNIKYPSATNNTPAKQLLLHICHDLTLAVLSQQMASWDEAVQALLRAVVRSYDSGSFTIMQEVYSAFLPDGCDHLRDKLGDHQSPATPAFKSLEAFFLYGRLYEFWWSLSRPCPNSSVWVRAGHRTLSVEPSQQLDTASTEETDPETSQPEPNRPSELDLRLTEEGERMLSTFKELFSEKHASLQNSQRTVAEVQETLAEMIRQHQKSQLCKSTANGPDKNEPEVEAEQPLCSSQSQCKEEKNEPLSLPELTKRLTEANQRMAKFPESIKAWPFPDVLECCLVLLLIRSHFPGCLAQEMQQQAQELLQKYGNTKTYRRHCQTFCM,1508
kidney,sororin,MSGRRTRSGGAAQRSGPRAPSPTKPLRRSQRKSGSELPSILPEIWPKTPSAAAVRKPIVLKRIVAHAVEVPAVQSPRRSPRISFFLEKENEPPGRELTKEDLFKTHSVPATPTSTPVPNPEAESSSKEGELDARDLEMSKKVRRSYSRLETLGSASTSTPGRRSCFGFEGLLGAEDLSGVSPVVCSKLTEVPRVCAKPWAPDMTLPGISPPPEKQKRKKKKMPEILKTELDEWAAAMNAEFEAAEQFDLLVE,252
heart,RecName:,MEVMNLMEQPIKVTEWQQTYTYDSGIHSGANTCVPSVSSKGIMEEDEACGRQYTLKKTTTYTQGVPPSQGDLEYQMSTTARAKRVREAMCPGVSGEDSSLLLATQVEGQATNLQRLAEPSQLLKSAIVHLINYQDDAELATRALPELTKLLNDEDPVVVTKAAMIVNQLSKKEASRRALMGSPQLVAAVVRTMQNTSDLDTARCTTSILHNLSHHREGLLAIFKSGGIPALVRMLSSPVESVLFYAITTLHNLLLYQEGAKMAVRLADGLQKMVPLLNKNNPKFLAITTDCLQLLAYGNQESKLIILANGGPQALVQIMRNYSYEKLLWTTSRVLKVLSVCPSNKPAIVEAGGMQALGKHLTSNSPRLVQNCLWTLRNLSDVATKQEGLESVLKILVNQLSVDDVNVLTCATGTLSNLTCNNSKNKTLVTQNSGVEALIHAILRAGDKDDITEPAVCALRHLTSRHPEAEMAQNSVRLNYGIPAIVKLLNQPNQWPLVKATIGLIRNLALCPANHAPLQEAAVIPRLVQLLVKAHQDAQRHVAAGTQQPYTDGVRMEEIVEGCTGALHILARDPMNRMEIFRLNTIPLFVQLLYSSVENIQRVAAGVLCELAQDKEAADAIDAEGASAPLMELLHSRNEGTATYAAAVLFRISEDKNPDYRKRVSVELTNSLFKHDPAAWEAAQSMIPINEPYGDDMDATYRPMYSSDVPLDPLEMHMDMDGDYPIDTYSDGLRPPYPTADHMLA,745
liver,RecName:,MWRRKHPRTSGGTRGVLSGNRGVEYGSGRGHLGTFEGRWRKLPKMPEAVGTDPSTSRKMAELEEVTLDGKPLQALRVTDLKAALEQRGLAKSGQKSALVKRLKGALMLENLQKHSTPHAAFQPNSQIGEEMSQNSFIKQYLEKQQELLRQRLEREAREAAELEEASAESEDEMIHPEGVASLLPPDFQSSLERPELELSRHSPRKSSSISEEKGDSDDEKPRKGERRSSRVRQARAAKLSEGSQPAEEEEDQETPSRNLRVRADRNLKTEEEEEEEEEEEEDDEEEEGDDEGQKSREAPILKEFKEEGEEIPRVKPEEMMDERPKTRSQEQEVLERGGRFTRSQEEARKSHLARQQQEKEMKTTSPLEEEEREIKSSQGLKEKSKSPSPPRLTEDRKKASLVALPEQTASEEETPPPLLTKEASSPPPHPQLHSEEEIEPMEGPAPAVLIQLSPPNTDADTRELLVSQHTVQLVGGLSPLSSPSDTKAESPAEKVPEESVLPLVQKSTLADYSAQKDLEPESDRSAQPLPLKIEELALAKGITEECLKQPSLEQKEGRRASHTLLPSHRLKQSADSSSSRSSSSSSSSSRSRSRSPDSSGSRSHSPLRSKQRDVAQARTHANPRGRPKMGSRSTSESRSRSRSRSRSASSNSRKSLSPGVSRDSSTSYTETKDPSSGQEVATPPVPQLQVCEPKERTSTSSSSVQARRLSQPESAEKHVTQRLQPERGSPKKCEAEEAEPPAATQPQTSETQTSHLPESERIHHTVEEKEEVTMDTSENRPENDVPEPPMPIADQVSNDDRPEGSVEDEEKKESSLPKSFKRKISVVSATKGVPAGNSDTEGGQPGRKRRWGASTATTQKKPSISITTESLKSLIPDIKPLAGQEAVVDLHADDSRISEDETERNGDDGTHDKGLKICRTVTQVVPAEGQENGQREEEEEEKEPEAEPPVPPQVSVEVALPPPAEHEVKKVTLGDTLTRRSISQQKSGVSITIDDPVRTAQVPSPPRGKISNIVHISNLVRPFTLGQLKELLGRTGTLVEEAFWIDKIKSHCFVTYSTVEEAVATRTALHGVKWPQSNPKFLCADYAEQDELDYHRGLLVDRPSETKTEEQGIPRPLHPPPPPPVQPPQHPRAEQREQERAVREQWAEREREMERRERTRSEREWDRDKVREGPRSRSRSRDRRRKERAKSKEKKSEKKEKAQEEPPAKLLDDLFRKTKAAPCIYWLPLTDSQIVQKEAERAERAKEREKRRKEQEEEEQKEREKEAERERNRQLEREKRREHSRERDRERERERERDRGDRDRDRERDRERGRERDRRDTKRHSRSRSRSTPVRDRGGRR,1341
kidney,ataxin-1,MKSNQERSNECLPPKKREIPATSRSSEEKAPTLPSDNHRVEGTAWLPGNPGGRGHGGGRHGPAGTSVELGLQQGIGLHKALSTGLDYSPPSAPRSVPVATTLPAAYATPQPGTPVSPVQYAHLPHTFQFIGSSQYSGTYASFIPSQLIPPTANPVTSAVASAAGATTPSQRSQLEAYSTLLANMGSLSQTPGHKAEQQQQQQQQQQQQHQHQQQQQQQQQQQQQQHLSRAPGLITPGSPPPAQQNQYVHISSSPQNTGRTASPPAIPVHLHPHQTMIPHTLTLGPPSQVVMQYADSGSHFVPREATKKAESSRLQQAIQAKEVLNGEMEKSRRYGAPSSADLGLGKAGGKSVPHPYESRHVVVHPSPSDYSSRDPSGVRASVMVLPNSNTPAADLEVQQATHREASPSTLNDKSGLHLGKPGHRSYALSPHTVIQTTHSASEPLPVGLPATAFYAGTQPPVIGYLSGQQQAITYAGSLPQHLVIPGTQPLLIPVGSTDMEASGAAPAIVTSSPQFAAVPHTFVTTALPKSENFNPEALVTQAAYPAMVQAQIHLPVVQSVASPAAAPPTLPPYFMKGSIIQLANGELKKVEDLKTEDFIQSAEISNDLKIDSSTVERIEDSHSPGVAVIQFAVGEHRAQVSVEVLVEYPFFVFGQGWSSCCPERTSQLFDLPCSKLSVGDVCISLTLKNLKNGSVKKGQPVDPASVLLKHSKADGLAGSRHRYAEQENGINQGSAQMLSENGELKFPEKMGLPAAPFLTKIEPSKPAATRKRRWSAPESRKLEKSEDEPPLTLPKPSLIPQEVKICIEGRSNVGK,815
kidney,RecName:,MFQAAERPQEWAMEGPRDGLKKERLLDDRHDSGLDSMKDEEYEQMVKELQEIRLEPQEVPRGSEPWKQQLTEDGDSFLHLAIIHEEKALTMEVIRQVKGDLAFLNFQNNLQQTPLHLAVITNQPEIAEALLGAGCDPELRDFRGNTPLHLACEQGCLASVGVLTQSCTTPHLHSILKATNYNGHTCLHLASIHGYLGIVELLVSLGADVNAQEPCNGRTALHLAVDLQNPDLVSLLLKCGADVNRVTYQGYSPYQLTWGRPSTRIQQQLGQLTLENLQMLPESEDEESYDTESEFTEFTEDELPYDDCVFGGQRLTL,317
kidney,RecName:,MSILKIHAREIFDSRGNPTVEVDLFTSKGLFRAAVPSGASTGIYEALELRDNDKTRYMGKGVSKAVEHINKTIAPALVSKKLNVTEQEKIDKLMIEMDGTENKSKFGANAILGVSLAVCKAGAVEKGVPLYRHIADLAGNSEVILPVPAFNVINGGSHAGNKLAMQEFMILPVGAANFREAMRIGAEVYHNLKNVIKEKYGKDATNVGDEGGFAPNILENKEGLELLKTAIGKAGYTDKVVIGMDVAASEFFRSGKYDLDFKSPDDPSRYISPDQLADLYKSFIKDYPVVSIEDPFDQDDWGAWQKFTASAGIQVVGDDLTVTNPKRIAKAVNEKSCNCLLLKVNQIGSVTESLQACKLAQANGWGVMVSHRSGETEDTFIADLVVGLCTGQIKTGAPCRSERLAKYNQLLRIEEELGSKAKFAGRNFRNPLAK,434
liver,RecName:,MATERSRSAMDSPVPASMFAPEPSSPGAARAAAAAARLHGGFDSDCSEDGEALNGEPELDLTSKLVLVSPTSEQYDSLLRQMWERMDEGCGETIYVIGQGSDGTEYGLSEADMEASYATVKSMAEQIEADVILLRERQEAGGRVRDYLVRKRVGDNDFLEVRVAVVGNVDAGKSTLLGVLTHGELDNGRGFARQKLFRHKHEIESGRTSSVGNDILGFDSEGNVVNKPDSHGGSLEWTKICEKSTKVITFIDLAGHEKYLKTTVFGMTGHLPDFCMLMVGSNAGIVGMTKEHLGLALALNVPVFVVVTKIDMCPANILQETLKLLQRLLKSPGCRKIPVLVQSKDDVIVTASNFSSERMCPIFQISNVTGENLDLLKMFLNLLSPRTSYREEEPAEFQIDDTYSVPGVGTVVSGTTLRGLIKLNDTLLLGPDPLGNFLSIAVKSIHRKRMPVKEVRGGQTASFALKKIKRSSIRKGMVMVSPRLNPQASWEFEAEILVLHHPTTISPRYQAMVHCGSIRQTATILSMDKDCLRTGDKATVHFRFIKTPEYLHIDQRLVFREGRTKAVGTITKLLQTTNNSPMNSKPQQIKMQSTKKGPLTKRDEGGPSGGPAVGAPPPGDEASSVGAGQPAASSNLQPQPKPSSGGRRRGGQRHKVKSQGACVTPASGC,669
kidney,RecName:,MGNPENIEDAYVAVIRPKNTASLNSREYRAKSYEILLHEVPIEGQKKKRKKVLLETKLQGNSEITQGILDYVVETTKPISPANQGIRGKRVVLMKKFPLDGEKMGREASLFIVPSVVKDNTKYTYTPGCPIFYCLQDIMRVCSESSTHFATLTARMLIALDKWLDERHAQSHFIPALFRPSPLERIKTNVINPAYATESGQTENSLHMGYSALEIKSKMLALEKADTCIYNPLFGSDLQYTNRVDKVVINPYFGLGAPDYSKIQIPKQEKWQRSMSSVTEDKERQWVDDFPLHRSACEGDSELLSRLLSERFSVNQLDSDHWAPIHYACWYGKVEATRILLEKGKCNPNLLNGQLSSPLHFAAGGGHAEIVQILLNHPETDRHITDQQGRSPLNICEENKQNNWEEAAKLLKEAINKPYEKVRIYRMDGSYRSVELKHGNNTTVQQIMEGMRLSQETQQYFTIWICSENLSLQLKPYHKPLQHVRDWPEILAELTNLDPQRETPQLFLRRDVRLPLEVEKQIEDPLAILILFDEARYNLLKGFYTAPDAKLITLASLLLQIVYGNYESKKHKQGFLNEENLKSIVPVTKLKSKAPHWTNRILHEYKNLSTSEGVSKEMHHLQRMFLQNCWEIPTYGAAFFTGQIFTKASPSNHKVIPVYVGVNIKGLHLLNMETKALLISLKYGCFMWQLGDTDTCFQIHSMENKMSFIVHTKQAGLVVKLLMKLNGQLMPTERNS,736
liver,RecName:,MAAPGERGRFHGGNLFFLPGGARSEMMDDLATDARGRGAGRRDAAASASTPAQAPTSDSPVAEDASRRRPCRACVDFKTWMRTQQKRDTKFREDCPPDREELGRHSWAVLHTLAAYYPDLPTPEQQQDMAQFIHLFSKFYPCEECAEDLRKRLCRNHPDTRTRACFTQWLCHLHNEVNRKLGKPDFDCSKVDERWRDGWKDGSCD,205
kidney,10,MAGQAFRKFLPLFDRVLVERSAAETVTKGGIMLPEKSQGKVLQATVVAVGSGSKGKGGEIQPVSVKVGDKVLLPEYGGTKVVLDDKDYFLFRDGDILGKYVD,102
muscle,RecName:,MAALRALCGFRGVAAQVLRPGAGVRLPIQPSRGVRQWQPDVEWAQQFGGAVMYPSKETAHWKPPPWNDVDPPKDTIVKNITLNFGPQHPAAHGVLRLVMELSGEMVRKCDPHIGLLHRGTEKLIEYKTYLQALPYFDRLDYVSMMCNEQAYSLAVEKLLNIRPPPRAQWIRVLFGEITRLLNHIMAVTTHALDLGAMTPFFWLFEEREKMFEFYERVSGARMHAAYIRPGGVHQDLPLGLMDDIYQFSKNFSLRLDELEELLTNNRIWRNRTIDIGVVTAEEALNYGFSGVMLRGSGIQWDLRKTQPYDVYDQVEFDVPVGSRGDCYDRYLCRVEEMRQSLRIIAQCLNKMPPGEIKVDDAKVSPPKRAEMKTSMESLIHHFKLYTEGYQVPPGATYTAIEAPKGEFGVYLVSDGSSRPYRCKIKAPGFAHLAGLDKMSKGHMLADVVAIIGTQDIVFGEVDR,463
kidney,homeobox,MSSYLEYVSCSSSGGVGGDVLSLAPKFCRSDARPVALQPAFPLGNGDGAFVSCLPLAAARPSPSPPAAPARPSVPPPAAPQYAQCTLEGAYEPGAAPAAAAGGADYGFLGSGPAYDFPGVLGRAADDGGSHVHYATSAVFSGGGSFLLSGQVDYAAFGEPGPFPACLKASADGHPGAFQTASPAPGTYPKSVSPASGLPAAFSTFEWMKVKRNASKKGKLAEYGAASPSSAIRTNFSTKQLTELEKEFHFNKYLTRARRIEIANCLHLNDTQVKIWFQNRRMKQKKREREGLLATAIPVAPLQLPLSGTTPTKFIKNPGSPSQSQEPS,328
brain,RecName:,MSNVNLSVSDFWRVMMRVCWLVRQDSRHQRIRLPHLEAVVIGRGPETKITDKKCSRQQVQLKAECNKGYVKVKQVGVNPTSIDSVVIGKDQEVKLQPGQVLHMVNELYPYIVEFEEEAKNPGLETHRKRKRSGNSDSIERDAAQEAEAGTGLEPGSNSGQCSVPLKKGKDAPIKKESLGHWSQGLKISMQDPKMQVYKDEQVVVIKDKYPKARYHWLVLPWTSISSLKAVAREHLELLKHMHTVGEKVIVDFAGSSKLRFRLGYHAIPSMSHVHLHVISQDFDSPCLKNKKHWNSFNTEYFLESQAVIEMVQEAGRVTVRDGMPELLKLPLRCHECQQLLPSIPQLKEHLRKHWTQ,356
kidney,RecName:,MKPPAAQGSPAAAAAAAPALDSAAAEDLSDALCEFDAVLADFASPFHERHFHYEEHLERMKRRSSASVSDSSGFSDSESADSLYRNSFSFSDEKLNSPTDSTPALLSATVTPQKAKLGDTKELEAFIADLDKTLASM,137
kidney,paired,MPHNSIRSGHGGLNQLGGAFVNGRPLPEVVRQRIVDLAHQGVRPCDISRQLRVSHGCVSKILGRYYETGSIRPGVIGGSKPKVATPKVVEKIGDYKRQNPTMFAWEIRDRLLAEGVCDNDTVPSVSSINRIIRTKVQQPFNLPMDSCVATKSLSPGHTLIPSSAVTPPESPQSDSLGSTYSINGLLGIAQPGSDKRKMDDSDQDSCRLSIDSQSSSSGPRKHLRTDAFSQHHLEPLECPFERQHYPEAYASPSHTKGEQGERWWGPRCPDTHPTSPPADRAAMPPLPSQAWWQEVNTLAMPMATPPTPPTARPGASPTPAC,321
brain,RecName:,MAMQMQLEANADTSVEEESFGPQPISRLEQCGINANDVKKLEEAGFHTVEAVAYAPKKELINIKGISEAKADKILAEAAKLVPMGFTTATEFHQRRSEIIQITTGSKELDKLLQGGIETGSITEMFGEFRTGKTQICHTLAVTCQLPIDRGGGEGKAMYIDTEGTFRPERLLAVAERYGLSGSDVLDNVAYARAFNTDHQTQLLYQASAMMVESRYALLIVDSATALYRTDYSGRGELSARQMHLARFLRMLLRLADEFGVAVVITNQVVAQVDGAAMFAADPKKPIGGNIIAHASTTRLYLRKGRGETRICKIYDSPCLPEAEAMFAINADGVGDAKD,339
kidney,RecName:,MAGLGPGVGDSEGGPRPLFCRKGALRQKVVHEVKSHKFTARFFKQPTFCSHCTDFIWGIGKQGLQCQVCSFVVHRRCHEFVTFECPGAGKGPQTDDPRNKHKFRLHSYSSPTFCDHCGSLLYGLVHQGMKCSCCEMNVHRRCVRSVPSLCGVDHTERRGRLQLEIRAPTADEIHVTVGEARNLIPMDPNGLSDPYVKLKLIPDPRNLTKQKTRTVKATLNPVWNETFVFNLKPGDVERRLSVEVWDWDRTSRNDFMGAMSFGVSELLKAPVDGWYKLLNQEEGEYYNVPVADADNCSLLQKFEACNYPLELYERVRMGPSSSPIPSPSPSPTDPKRCFFGASPGRLHISDFSFLMVLGKGSFGKVMLAERRGSDELYAIKILKKDVIVQDDDVDCTLVEKRVLALGGRGPGGRPHFLTQLHSTFQTPDRLYFVMEYVTGGDLMYHIQQLGKFKEPHAAFYAAEIAIGLFFLHNQGIIYRDLKLDNVMLDAEGHIKITDFGMCKENVFPGTTTRTFCGTPDYIAPEIIAYQPYGKSVDWWSFGVLLYEMLAGQPPFDGEDEEELFQAIMEQTVTYPKSLSREAVAICKGFLTKHPGKRLGSGPDGEPTIRAHGFFRWIDWERLERLEIPPPFRPRPCGRSGENFDKFFTRAAPALTPPDRLVLASIDQADFQGFTYVNPDFVHPDARSPTSPVPVPVM,697
kidney,RecName:,MTSLAQQLQRLALPQSDASLLSRDEVASLLFDPKEAATIDRDTAFAIGCTGLEELLGIDPSFEQFEAPLFSQLAKTLERSVQTKAVNKQLDENISLFLIHLSPYFLLKPAQKCLEWLIHRFHIHLYNQDSLIACVLPYHETRIFVRVIQLLKINNSKHRWFWLLPVKQSGVPLAKGTLITHCYKDLGFMDFICSLVTKSVKVFAEYPGSSAQLRVLLAFYASTIVSALVAAEDVSDNIIAKLFPYIQKGLKSSLPDYRAATYMIICQISVKVTMENTFVNSLASQIIKTLTKIPSLIKDGLSCLIVLLQRQKPESLGKKPFPHLCNVPDLITILHGISETYDVSPLLHYMLPHLVVSIIHHVTGEETEGMDGQIYKRHLEAILTKISLKNNLDHLLASLLFEEYISYSSQEEMDSNKVSLLNEQFLPLIRLLESKYPRTLDVVLEEHLKEIADLKKQELFHQFVSLSTSGGKYQFLADSDTSLMLSLNHPLAPVRILAMNHLKKIMKTSKEGVDESFIKEAVLARLGDDNIDVVLSAISAFEIFKEHFSSEVTISNLLNLFQRAELSKNGEWYEVLKIAADILIKEEILSENDQLSNQVVVCLLPFMVINNDDTESAEMKIAIYLSKSGICSLHPLLRGWEEALENVIKSTKPGKLIGVANQKMIELLADNINLGDPSSMLKMVEDLISVGEEESFNLKQKVTFHVILSVLVSCCSSLKETHFPFAIRVFSLLQKKIKKLESVITAVEIPSEWHIELMLDRGIPVELWAHYVEELNSTQRVAVEDSVFLVFSLKKFIYALKAPKSFPKGDIWWNPEQLKEDSRDYLHLLIGLFEMMLNGADAVHFRVLMKLFIKVHLEDVFQLFKFCSVLWTYGSSLSNPLNCSVKTVLQTQALYVGCAMLSSQKTQCKHQLASISSPVVTSLLINLGSPVKEVRRAAIQCLQALSGVASPFYLIIDHLISKAEEITSDAAYVIQDLATLFEELQREKKLKSHQKLSETLKNLLSCVYSCPSYIAKDLMKVLQGVNGEMVLSQLLPMAEQLLEKIQKEPTAVLKDEAMVLHLTLGKYNEFSVSLLNEDPKSLDIFIKAVHTTKELYAGMPTIQITALEKITKPFFAAISDEKVQQKLLRMLFDLLVNCKNSHCAQTVSSVFKGISVNAEQVRIELEPPDKAKPLGTVQQKRRQKMQQKKSQDLESVQEVGGSYWQRVTLILELLQHKKKLRSPQILVPTLFNLLSRCLEPLPQEQGNMEYTKQLILSCLLNICQKLSPDGGKIPKDILDEEKFNVELIVQCIRLSEMPQTHHHALLLLGTVAGIFPDKVLHNIMSIFTFMGANVMRLDDTYSFQVINKTVKMVIPALIQSDSGDSIEVSRNVEEIVVKIISVFVDALPHVPEHRRLPILVQLVDTLGAEKFLWILLILLFEQYVTKTVLAAAYGEKDAILEADTEFWFSVCCEFSVQHQIQSLMNILQYLLKLPEEKEETIPKAVSFNKSESQEEMLQVFNVETHTSKQLRHFKFLSVSFMSQLLSSNNFLKKVVESGGPEILKGLEERLLETVLGYISAVAQSMERNADKLTVKFWRALLSKAYDLLDKVNALLPTETFIPVIRGLVGNPLPSVRRKALDLLNNKLQQNISWKKTIVTRFLKLVPDLLAIVQRKKKEGEEEQAINRQTALYTLKLLCKNFGAENPDPFVPVLNTAVKLIAPERKEEKNVLGSALLCIAEVTSTLEALAIPQLPSLMPSLLTTMKNTSELVSSEVYLLSALAALQKVVETLPHFISPYLEGILSQVIHLEKITSEMGSASQANIRLTSLKKTLATTLAPRVLLPAIKKTYKQIEKNWKNHMGPFMSILQEHIGVMKKEELTSHQSQLTAFFLEALDFRAQHSENDLEEVGKTENCIIDCLVAMVVKLSEVTFRPLFFKLFDWAKTEDAPKDRLLTFYNLADCIAEKLKGLFTLFAGHLVKPFADTLNQVNISKTDEAFFDSENDPEKCCLLLQFILNCLYKIFLFDTQHFISKERAEALMMPLVDQLENRLGGEEKFQERVTKHLIPCIAQFSVAMADDSLWKPLNYQILLKTRDSSPKVRFAALITVLALAEKLKENYIVLLPESIPFLAELMEDECEEVEHQCQKTIQQLETVLGEPLQSYF,2144
brain,Chain,MAEPRQEFEVMEDHAGTYGLGDRKDQGGYTMHQDQEGDTDAGLKESPLQTPTEDGSEEPGSETSDAKSTPTAEDVTAPLVDEGAPGKQAAAQPHTEIPEGTTAEEAGIGDTPSLEDEAAGHVTQEPESGKVVQEGFLREPGPPGLSHQLMSGMPGAPLLPEGPREATRQPSGTGPEDTEGGRHAPELLKHQLLGDLHQEGPPLKGAGGKERPGSKEEVDEDRDVDESSPQDSPPSKASPAQDGRPPQTAAREATSIPGFPAEGAIPLPVDFLSKVSTEIPASEPDGPSVGRAKGQDAPLEFTFHVEITPNVQKEQAHSEEHLGRAAFPGAPGEGPEARGPSLGEDTKEADLPEPSEKQPAAAPRGKPVSRVPQLKARMVSKSKDGTGSDDKKAKTSTRSSAKTLKNRPCLSPKHPTPGSSDPLIQPSSPAVCPEPPSSPKYVSSVTSRTGSSGAKEMKLKGADGKTKIATPRGAAPPGQKGQANATRIPAKTPPAPKTPPSSGEPPKSGDRSGYSSPGSPGTPGSRSRTPSLPTPPTREPKKVAVVRTPPKSPSSAKSRLQTAPVPMPDLKNVKSKIGSTENLKHQPGGGKVQIINKKLDLSNVQSKCGSKDNIKHVPGGGSVQIVYKPVDLSKVTSKCGSLGNIHHKPGGGQVEVKSEKLDFKDRVQSKIGSLDNITHVPGGGNKKIETHKLTFRENAKAKTDHGAEIVYKSPVVSGDTSPRHLSNVSSTGSIDMVDSPQLATLADEVSASLAKQGL,758
kidney,prominin-1,MALVLGSLLLLGLCGNSFSGGQPSSTDAPKAWNYELPATNYETQDSHKAGPIGILFELVHIFLYVVQPRDFPEDTLRKFLQKAYESKIDYDKIVYYEAGIILCCVLGLLFIILMPLVGYFFCMCRCCNKCGGEMHQRQKENGPFLRKCFAISLLVICIIISIGIFYGFVANHQVRTRIKRSRKLADSNFKDLRTLLNETPEQIKYILAQYNTTKDKAFTDLNSINSVLGGGILDRLRPNIIPVLDEIKSMATAIKETKEALENMNSTLKSLHQQSTQLSSSLTSVKTSLRSSLNDPLCLVHPSSETCNSIRLSLSQLNSNPELRQLPPVDAELDNVNNVLRTDLDGLVQQGYQSLNDIPDRVQRQTTTVVAGIKRVLNSIGSDIDNVTQRLPIQDILSAFSVYVNNTESYIHRNLPTLEEYDSYWWLGGLVICSLLTLIVIFYYLGLLCGVCGYDRHATPTTRGCVSNTGGVFLMVGVGLSFLFCWILMIIVVLTFVFGANVEKLICEPYTSKELFRVLDTPYLLNEDWEYYLSGKLFNKSKMKLTFEQVYSDCKKNRGTYGTLHLQNSFNISEHLNINEHTGSISSELESLKVNLNIFLLGAAGRKNLQDFAACGIDRMNYDSYLAQTGKSPAGVNLLSFAYDLEAKANSLPPGNLRNSLKRDAQTIKTIHQQRVLPIEQSLSTLYQSVKILQRTGNGLLERVTRILASLDFAQNFITNNTSSVIIEETKKYGRTIIGYFEHYLQWIEFSISEKVASCKPVATALDTAVDVFLCSYIIDPLNLFWFGIGKATVFLLPALIFAVKLAKYYRRMDSEDVYDDVETIPMKNMENGNNGYHKDHVYGIHNPVMTSPSQH,856
muscle,RecName:,MPPRGPASELLLLRLLLLGAATAAPLAPRPSKEELTRCLAEVVTEVLTVGQVQRGPCTALLHKELCGTEPHGCASTEEKGLLLGDFKKQEAGKMRSSQEVRDEEEEEVAERTHKSEVQEQAIRMQGHRQLHQEEDEEEEKEERKRGPMETFEDLWQRHLENGGDLQKRVAEKASDKETAQFQAEEKGVRVLGGDRSLWQGAERGGGERREDLPHHHHHHHQPEAEPRQEKEEASEREEKEVEQLEHLRDELKKVTETLGEQLRREG,266
muscle,Chain,MPDYLGADQRKTKEDEKDDKPIRALDEGDIALLKTYGQSTYSRQIKQVEDDIQQLLKKINELTGIKESDTGLAPPALWDLAADKQTLQSEQPLQVARCTKIINADSEDPKYIINVKQFAKFVVDLSDQVAPTDIEEGMRVGVDRNKYQIHIPLPPKIDPTVTMMQVEEKPDVTYSDVGGCKEQIEKLREVVETPLLHPERFVNLGIEPPKGVLLFGPPGTGKTLCARAVANRTDACFIRVIGSELVQKYVGEGARMVRELFEMARTKKACLIFFDEIDAIGGARFDDGAGGDNEVQRTMLELINQLDGFDPRGNIKVLMATNRPDTLDPALMRPGRLDRKIEFSLPDLEGRTHIFKIHARSMSVERDIRFELLARLCPNSTGAEIRSVCTEAGMFAIRARRKIATEKDFLEAVNKVIKSYAKFSATPRYMTYN,433
liver,RecName:,MAQRLLLRRFLASVISRKPSQGQWPPLTSRALQTPQCSPGGLTVTPNPARTIYTTRISLTTFNIQDGPDFQDRVVNSETPVVVDFHAQWCGPCKILGPRLEKMVAKQHGKVVMAKVDIDDHTDLAIEYEVSAVPTVLAMKNGDVVDKFVGIKDEDQLEAFLKKLIG,166
kidney,non-selective,MAVPPTYADLGKSARDVFTKGYGFGLIKLDLKTKSENGLEFTSSGSANTETTKVTGSLETKYRWTEYGLTFTEKWNTDNTLGTEITVEDQLARGLKLTFDSSFSPNTGKKNAKIKTGYKREHINLGCDMDFDIAGPSIRGALVLGYEGWLAGYQMNFETAKSRVTQSNFAVGYKTDEFQLHTNVNDGTEFGGSIYQKVNKKLETAVNLAWTAGNSNTRFGIAAKYQIDPDACFSAKVNNSSLIGLGYTQTLKPGIKLTLSALLDGKNVNAGGHKLGLGLEFQA,283
kidney,prostate,MAGLALQPGTALLCYSCKAQVSNEDCLQVENCTQLGEQCWTARIRAVGLLTVISKGCSLNCVDDSQDYYVGKKNITCCDTDLCNASGAHALQPAAAILALLPALGLLLWGPGQL,114
heart,serine/threonine-protein,MSVLGEYERHCDSINSDFGSESGGCGDSSPGPSASQGPRAGGGAAEQEELHYIPIRVLGRGAFGEATLYRRTEDDSLVVWKEVDLTRLSEKERRDALNEIVILALLQHDNIIAYYNHFMDNTTLLIELEYCNGGNLYDKILRQKDKLFEEEMVVWYLFQIVSAVSCIHKAGILHRDIKTLNIFLTKANLIKLGDYGLAKKLNSEYSMAETLVGTPYYMSPELCQGVKYNFKSDIWAVGCVIFELLTLKRTFDATNPLNLCVKIVQGIRAMEVDSSQYSLELIQMVHSCLDQDPEQRPTADELLDRPLLRKRRREMEEKVTLLNAPTKRPRSSTVTEAPIAVVTSRTSEVYVWGGGKSTPQKLDVIKSGCSARQVCAGNTHFAVVTVEKELYTWVNMQGGTKLHGQLGHGDKASYRQPKHVEKLQGKAIRQVSCGDDFTVCVTDEGQLYAFGSDYYGCMGVDKVAGPEVLEPMQLNFFLSNPVEQVSCGDNHVVVLTRNKEVYSWGCGEYGRLGLDSEEDYYTPQKVDVPKALIIVAVQCGCDGTFLLTQSGKVLACGLNEFNKLGLNQCMSGIINHEAYHEVPYTTSFTLAKQLSFYKIRTIAPGKTHTAAIDERGRLLTFGCNKCGQLGVGNYKKRLGINLLGGPLGGKQVIRVSCGDEFTIAATDDNHIFAWGNGGNGRLAMTPTERPHGSDICTSWPRPIFGSLHHVPDLSCRGWHTILIVEKVLNSKTIRSNSSGLSIGTVFQSSSPGGGGGGGGGEEEDSQQESETPDPSGGFRGTMEADRGMEGLISPTEAMGNSNGASSSCPGWLRKELENAEFIPMPDSPSPLSAAFSESEKDTLPYEELQGLKVASEAPLEHKPQVEASSPRLNPAVTCAGKGTPLTPPACACSSLQVEVERLQGLVLKCLAEQQKLQQENLQIFTQLQKLNKKLEGGQQVGMHSKGTQTAKEEMEMDPKPDLDSDSWCLLGTDSCRPSL,979
muscle,RecName:,MSPLLRRLLLAALLQLAPAQAPVSQPDAPGHQRKVVSWIDVYTRATCQPREVVVPLTVELMGTVAKQLVPSCVTVQRCGGCCPDDGLECVPTGQHQVRMQILMIRYPSSQLGEMSLEEHSQCECRPKKKDSAVKPDRAATPHHRPQPRSVPGWDSAPGAPSPADITHPTPAPGPSAHAAPSTTSALTPGPAAAAADAAASSVAKGGA,207
kidney,RecName:,MAETLFWTPLLVVLLAGLGDTEAQQTTLHPLVGRVFVHTLDHETFLSLPEHVAVPPAVHITYHAHLQGHPDLPRWLRYTQRSPHHPGFLYGSATPEDRGLQVIEVTAYNRDSFDTTRQRLVLEIGDPEGPLLPYQAEFLVRSHDAEEVLPSTPASRFLSALGGLWEPGELQLLNVTSALDRGGRVPLPIEGRKEGVYIKVGSASPFSTCLKMVASPDSHARCAQGQPPLLSCYDTLAPHFRVDWCNVTLVDKSVPEPADEVPTPGDGILEHDPFFCPPTEAPDRDFLVDALVTLLVPLLVALLLTLLLAYVMCCRREGRLKRDLATSDIQMVHHCTIHGNTEELRQMAASREVPRPLSTLPMFNVHTGERLPPRVDSAQVPLILDQH,387
muscle,muscleblind-like,MAVSVTPIRDTKWLTLEVCREFQRGTCSRPDTECKFAHPSKSCQVENGRVIACFDSLKARATHFMENVTRSKVLNCCYSTLPEAQTLLHGRCSRENCKYLHPPPHLKTQLEINGRNNLIQQKNMAMLAQQMQLANAMMPGAPLQPVPMFSVAPSLATNASAAAFNPYLGPVSPSLVPAEILPTAPMLVTGNPGVPVPAAAAAAAQKLMRTDRLEVCREYQRGNCNRGENDCRFAHPADSTMIDTNDNTVTVCMDYIKGRCSREKCKYFHPPAHLQAKIKAAQYQVNQAAAAQAAATAAAMGIPQAVLPPLPKRPALEKTNGATAVFNTGIFQYQQALANMQLQQHTAFLPPVPMVHGATPATVSAATTSATSVPFAATATANQIPIISAEHLTSHKYVTQM,401
kidney,RecName:,MRERPRLGEDSSLISLFLQVVAFLAMVMGTHTYSHWPSCCPSKGQDTSEELLRWSTVPVPPLEPARPNRHPESCRASEDGPLNSRAISPWRYELDRDLNRLPQDLYHARCLCPHCVSLQTGSHMDPRGNSELLYHNQTVFYRRPCHGEKGTHKGYCLERRLYRVSLACVCVRPRVMG,177
kidney,RecName:,MAISPRSDATFSSQKSTPSESPRTKKFPLTEEEIFYMNCRAAYLTVFKSSLENIISKDQLYLALQHAGRNPSQKTINKYWTPQTAKLNFDDFCIILRKEKPTSKAELLKSFKQLDVNDDGCILHTDLYKFLTKRGEKMTREEVNAIINLADVNADGKFDYIKFCKLYMTTNEQCLKTTLEKLEVDSKLMRHQFGNHIEGSPERDPSPVPKPSPKITRKTDPETFLNKGDTRSSLLSATRKFKTSVSFTVTMGANGNRNSKLMEPNLIKDWQHMQSKGCFFLEEDGEIISHQYRMQIAQRSMVYLTIKPLNLSQVEGKPSPWLSVDTALYILKENESQANLQLVCFTELRNREVFGWTGELGPGIYWLIPSTTGCRLRKKIKPVTDEAQLVYRDETGELFLTKEFKSTLSDIFEVIDLDGNGLLSLEEYNFFELRTSGEKCDEDAWAVCRENFDTKRNELTRQGFMDLNLMEANDREGDPCDLWVTLHSMGYNKALELTEACPFVIDIYAEKCKPKIKAVHMEACSGQLEKAICKSVLSNGDAKVMDGYENIIVHTYSCDTWITSVIENKSDEKVIIHISNELSKNCINNRGLNIFAVEVGPKSTMVCQHVMPLNERQEWIYYCIYSLIS,629
heart,protrudin,MQTSEREGSGPELSPSVMPEAPLESPPFPTKSPAFDLFNLVLSYKRLEIYLEPLKDAGDGVRYLLRWQMPLCSLLTCLGLNVLFLTLNEGAWYSVGALMISVPALLGYLQEVCRARLPDSELMRRKYHSVRQEDLQRGRLSRPEAVAEVKSFLIQLEAFLSRLCCTCEAAYRVLHWENPVVSSQFYGALLGTVCMLYLLPLCWVLTLLNSTLFLGNVEFFRVVSEYRASLQQRMNPKQEEHAFESPPPPDVGGKDGLMDSTPALTPTEDLTPGSVEEAEEAEPDEEFKDAIEEDDEGAPCPAEDELALQDNGFLSKNEVLRSKVSRLTERLRKRYPTNNFGNCTGCSATFSVLKKRRSCSNCGNSFCSRCCSFKVPKSSMGATAKS,386
brain,E3,MALPKDAIPSLSECQCGICMEILVEPVTLPCNHTLCKPCFQSTVEKASLCCPFCRRRVSSWTRYHTRRNSLVNVELWTIIQKHYPRECKLRASGQESEEVADDYQPVRLLSKPGELRREYEEEISKVAAERRASEEEENKASEEYIQRLLAEEEEEEKRQAEKRRRAMEEQLKSDEELARKLSIDINNFCEGSISASPLNSRKSDPVTPKSEKKSKNKQRNTGDIQKYLTPKSQFGSASHSEAVQEVRKDSVSKDIDSSDRKSPTGQDTEIEDMPTLSPQISLGVGEQGADSSIESPMPWLCACGAEWYHEGNVKTRPSNHGKELCVLSHERPKTRVPYSKETAVMPCGRTESGCAPTSGVTQTNGNNTGETENEESCLLISKEISKRKNQESSFEAVKDPCFSAKRRKVSPESSPDQEETEINFTQKLIDLEHLLFERHKQEEQDRLLALQLQKEVDKEQMVPNRQKGSPDEYHLRATSSPPDKVLNGQRKNPKDGNFKRQTHTKHPTPERGSRDKNRQVSLKMQLKQSVNRRKMPNSTRDHCKVSKSAHSLQPSISQKSVFQMFQRCTK,571
muscle,muscleblind-like,MTAVNVALIRDTKWLTLEVCREFQRGTCSRADADCKFAHPPRVCHVENGRVVACFDSLKGRCTRENCKYLHPPPHLKTQLEINGRNNLIQQKTAAAMFAQQMQLMLQNAQMSSLGSFPMTPSIPANPPMAFNPYIPHPGMGLVPAELVPNTPVLIPGNPPLAMPGAVGPKLMRSDKLEVCREFQRGNCTRGENDCRYAHPTDASMIEASDNTVTICMDYIKGRCSREKCKYFHPPAHLQARLKAAHHQMNHSAASAMALQPGTLQLIPKRSALEKPNGATPVFNPTVFHCQQALTNLQLPQPAFIPAGPILCMAPASNIVPMMHGATPTTVSAATTPATSVPFAAPTTGNQIPQLSIDELNSSMFVSQM,369
muscle,solute,MGTTWLLSTPQHWTGEFMEDFPLTLLWSVTVSMFPFGGFIGSLLVGPLVNKFGRKGALLFNNIFSIVPAILMGCSRVATSFELIIISRLLVGICAGVSSNVVPMYLGELAPKNLRGALGVVPQLFITVGILVAQIFGLRNLLANVDGWPILLGLTGVPAALQLLLLPFFPESPRYLLIQKKDEAAAKKALQTLRGWDSVDREVAEIRQEDEAEKAAGFISVLKLFRMRSLRWQLLSIIVLMGGQQLSGVNAIYYYADQIYLSAGVPEEHVQYVTAGTGAVNVVMTFCAVFVVELLGRRLLLLLGFSICLIACCVLTAALALQDTVSWMPYISIVCVISYVIGHALGPSPIPALLITEIFLQSSRPSAFMVGGSVHWLSNFTVGLIFPFIQEGLGPYSFIVFAVICLLTTIYIFLIVPETKAKTFIEINQIFTKMNKVSEVYPEKEELKELPPVTSEQ,457
liver,RecName:,MSKMPAKKKSCFQITSVTTAQVATSITEDTESLDDPDESRTEDVSSEIFDVSRATDYGPEEVCERSSSEETLNNVGDAETPGTVSPNLLLDGQLAAAAAAPANGGGVVSARSVSGALASTLAAAATSAPAPGAPGGPQLAGSSAGPVTAAPSQPPTTCSSRFRVIKLDHGSGEPYRRGRWTCMEYYERDSDSSVLTRSGDCIRHSSTFDQTAERDSGLGATGGSVVVVVASMQGAHGPESGTDSSLTAVSQLPPSEKMSQPTPAQPQSFSVGQPQPPPPPVGGAVAQSSAPLPPFPGAATGPQPMMAAAQPSQPQGAGPGGQTLPPTNVTLAQPAMSLPPQPGPAVGAPAAQQPQQFAYPQPQIPPGHLLPVQPSGQSEYLQQHVAGLQPPSPAQPSSTGAAASPATAATLPVGTGQNASSVGAQLMGASSQPSEAMAPRTGPAQGGQVAPCQPTGVPPATVGGVVQPCLGPAGAGQPQSVPPPQMGGSGPLSAVPGGPHAVVPGVPNVPAAVPAPSVPSVSTTSVTMPNVPAPLAQSQQLSSHTPVSRSSSIIQHVGLPLAPGTHSAPTSLPQSDLSQFQTQTQPLVGQVDDTRRKSEPLPQPPLSLIAENKPVVKPPVADSLANPLQLTPMNSLATSVFSIAIPVDGDEDRNPSTAFYQAFHLNTLKESKSLWDSASGGGVVAIDNKIEQAMDLVKSHLMYAVREEVEVLKEQIKELVERNSLLERENALLKSLSSNDQLSQLPTQQANPGSTSQQQAVIAQPPQPTQPPQQPNVSSA,780
kidney,RecName:,MAESDWDTVTVLRKKGPTAAQAKSKQAILAAQRRGEDVETSKKWAAGQNKQHSITKNTAKLDRETEELHHDRVTLEVGKVIQQGRQSKGLTQKDLATKINEKPQVIADYESGRAIPNNQVLGKIERAIGLKLRGKDIGKPIEKGPRAK,148
muscle,CD81,MGVEGCTKCIKYLLFVFNFVFWLAGGVILGVALWLRHDPQTTNLLYLELGDKPAPNTFYVGIYILIAVGAVMMFVGFLGCYGAIQESQCLLGTVVGWWLPLAPHRHACWAPGCVSLGPAYSLPSFLPLATARLQFFTCLVILFACEVAAGIWGFVNKDQIAKDVKQFYDQALQQAVVDDDANNAKAVVKTFHETLDCCGSSTLTALTTSVLKNNLCPSGSNIISNLFKEDCHQKIDDLFSGKLYLIGIAAIVVAVIMIFEMILSMVLCCGIRNSSVY,277
muscle,phosphatidylinositol,MSSTQGNGEHWKSLESVGISRKELAMAEALQMEYDALSRLRHDKEENRAKQNADPSLISWDEPGVDFYSKPAGRRTDLKLLRGLSGSDPTLNYNSLSPQEGPPNHSTSQGPQPGSDPWPKGSLSGDYLYIFDGSDGGVSSSPGPGDIEGSCKKLSPPPLPPRASIWDTPPLPPRKGSPSSSKISQPSDINTFSLVEQLPGKLLEHRILEEEEVLGGGGQGRLLGSVDYDGINDAITRLNLKSTYDAEMLRDATRGWKEGRGPLDFSKDTSGKPVARSKTMPPQVPPRTYASRYGNRKNATPGKNRRISAAPVGSRPHTVANGHELFEVSEERDEEVAAFCHMLDILRSGSDIQDYFLTGYVWSAVTPSPEHLGDEVNLKVTVLCDRLQEALTFTCNCSSTVDLLIYQTLCYTHDDLRNVDVGDFVLKPCGLEEFLQNKHALGSHEYIQYCRKFDIDIRLQLMEQKVVRSDLARTVNDDQSPSTLNYLVHLQERPVKQTISRQALSLLFDTYHNEVDAFLLADGDFPLKADRVVQSVKAICNALAAVETPEITSALNQLPPCPSRMQPKIQKDPSVLAVRENREKVVEALTAAILDLVELYCNTFNADFQTAVPGSRKHDLVQEACHFARSLAFTVYATHRIPIIWATSYEDFYLSCSLSHGGKELCSPLQTRRAHFSKYLFHLIVWDQQICFPVQVNRLPRETLLCATLYALPIPPPGSSSEANKQRRVPEALGWVTTPLFNFRQVLTCGRKLLGLWPATQENPSARWSAPNFHQPDSVILQIDFPTSAFDIKFTSPPGDKFSPRYEFGSLREEDQRKLKDIMQKESLYWLTDADKKRLWEKRYYCHSEWTHMNHQDALGLLHATFPDQEVRRMAVQWIGSLSDAELLDYLPQLVQALKYECYLDSPLVRFLLKRAVSDLRVTHYFFWLLKDGLKDSQFSIRYQYLLAALLCCCGKGLREEFNRQCWLVNALAKLAQQVREAAPSARQGILRTGLEEVKQFFALNGSCRLPLSPSLLVKGIVPRDCSYFNSNAVPLKLSFQNVDPLGENIRVIFKCGDDLRQDMLTLQMIRIMSKIWVQEGLDMRMVIFRCFSTGRGRGMVEMIPNAETLRKIQVEHGVTGSFKDRPLADWLQKHNPGEDEYEKAVENFIYSCAGCCVATYVLGICDRHNDNIMLKTTGHMFHIDFGRFLGHAQMFGNIKRDRAPFVFTSDMAYVINGGDKPSSRFHDFVDLCCQAYNLIRKHTHLFLNLLGLMLSCGIPELSDLEDLKYVYDALRPQDTEANATTYFTRLIESSLGSVATKLNFFIHNLAQMKFTGSDDRLTLSFASRTHTLKSSGRISDVFLCRHEKIFHPNKGYIYVVKVMRENTHEATYIQRTFEEFQELHNKLRLLFPSSHLPSFPSRFVIGRSRGEAVAERRREELNGYIWHLIHAPPEVAECDLVYTFFHPLPRDEKAMGTSPAPKSSDGTWARPVGKVGGEVKLSISYKNNKLFIMVMHIRGLQLLQDGNDPDPYVKIYLLPDPQKTTKRKTKVARKTCNPTYNEMLVYDGIPKGDLQQRELQLSVLSEQGFWENVLLGEVNIRLRELDLAQEKTGWFALGSRSHGTL,1606
kidney,RecName:,MERTAGKELALAPLQDWGEETEDGAVYSVSLRRQRSQRRSPAEGPGGSQAPSPIANTFLHYRTSKVRVLRAARLERLVGELVFGDREQDPSFMPAFLATYRTFVPTACLLGFLLPPMPPPPPPGVEIKKTAVQDLSFNKNLRAVVSVLGSWLQDHPQDFRDHPAHSDLGSVRTFLGWAAPGSAEAQKAEKLLEDFLEEAEREQEEEPPQVWTGPPRVAQTSDPDSSEACAEEEEGLMPQGPQLLDFSVDEVAEQLTLIDLELFSKVRLYECLGSVWSQRDRPGAAGASPTVRATVAQFNTVTGCVLGSVLGAPGLAAPQRAQRLEKWIRIAQRCRELRNFSSLRAILSALQSNPIYRLKRSWGAVSREPLSTFRKLSQIFSDENNHLSSREILFQEEATEGSQEEDNTPGSLPSKPPPGPVPYLGTFLTDLVMLDTALPDMLEGDLINFEKRRKEWEILARIQQLQRRCQSYTLSPHPPILAALHAQNQLTEEQSYRLSRVIEPPAASCPSSPRIRRRISLTKRLSAKLAREKSSSPSGSPGDPSSPTSSVSPGSPPSSPRSRDAPAGSPPASPGPQGPSTKLPLSLDLPSPRPFALPLGSPRIPLPAQQSSEARVIRVSIDNDHGNLYRSILLTSQDKAPSVVRRALQKHNVPQPWACDYQLFQVLPGDRVLLIPDNANVFYAMSPVAPRDFMLRRKEGTRNTLSVSPS,710
kidney,RecName:,MSILIIEAFYGGSHKQLVDLLQEELGDCVVYTLPAKKWHWRARTSALYFSQTIPISEHYRTLFASSVLNLTELAALRPDLGKLKKILYFHENQLIYPVKKCQERDFQYGYNQILSCLVADVVVFNSVFNMESFLTSMGKFMKLIPDHRPKDLESIIRPKCQVIYFPIRFPDVSRFMPKHKTTHLKKMLGLKGNGGAVLSMALPFQPEQRDSEDLLKNFNSECDTHCGLDTARQEYLGNSLRQESDLKKSTSSDNSSSHHGENKQNLTVDPCDILGGVDNQQRLLHIVWPHRWEHDKDPESFFKVLMHLKDLGLNFHVSVLGETFTDVPDIFSEAKKALGSSVLHWGYLPSKDDYFQVLCMADVVISTAKHEFFGVAMLEAVYCGCYPLCPKDLVYPEIFPAEYLYSTPEQLSKRLQNFCKRPDIIRKHLYKGEIAPFSWAALHGKFRSLLTTEPREDL,458
heart,RecName:,MSASASVGGPVPQPPPGPAAALPPGSAARALHVELPSQQRRLRHLRNIAARNIVNRNGHQLLDTYFTLHLCSTEKIYKEFYRSEVIKNSLNPTWRSLDFGIMPDRLDTSVSCFVVKIWGGKENIYQLLIEWKVCLDGLKYLGQQIHARNQNEIIFGLNDGYYGAPFEHKGYSNAQKTILLQVDQNCVRNSYDVFSLLRLHRAQCAIKQTQVTVQKIGKEIEEKLRLTSTSNELKKKSECLQLKILVLQNELERQKKALGREVALLHKQQIALQDKGSAFSAEHLKLQLQKESLNELRKECTAKRELFLKTNAQLTIRCRQLLSELSYIYPIDLNEHKDYFVCGVKLPNSEDFQAKDDGSIAVALGYTAHLVSMISFFLQVPLRYPIIHKGSRSTIKDNINDKLTEKEREFPLYPKGGEKLQFDYGVYLLNKNIAQLRYQHGLGTPDLRQTLPNLKNFMEHGLMVRCDRHHTSSAIPVPKRQSSIFGGADVGFSGGIPSPDKGHRKRASSENERLQYKTPPPSYNSALAQPVTTVPSMGETERKITSLSSSLDTSLDFSKENKKKGEDLVGSLNGGHANVHPSQEQGEALSGHRATVNGTLLPSEQAGSASVQLPGEFHPVSEAELCCTVEQAEEIIGLEATGFASGDQLEAFNCIPVDSAVAVECDEQVLGEFEEFSRRIYALNENVSSFRRPRRSSDK,699
kidney,MAP3K7,MEVFKQHCQIAEEYHEVKKEITLLEQRKKELIAKLDQAEKEKVDAAELVREFEALTEENRTLRLAQSQCVEQLEKLRIQYQKRQGSS,87
heart,troponin,MSDIEEVVEEYEEEEQEEAAVEEQEEAAEEDAEAEAETEETRAEEDEEEEEAKEAEDGPMEESKPKPRSFMPNLVPPKIPDGERVDFDDIHRKRMEKDLNELQALIEAHFENRKKEEEELVSLKDRIERRRAERAEQQRIRNEREKERQNRLAEERARREEEENRRKAEDEARKKKALSNMMHFGGYIQKQAQTERKSGKRQTEREKKKKILAERRKVLAIDHLNEDQLREKAKELWQSIYNLEAEKFDLQEKFKQQKYEINVLRNRINDNQKVSKTRGKAKVTGRWK,288
heart,RecName:,MPLLGLLPRRAWASLLSQLLRPPCASCTGAVRCQSQVAEAVLTSQLKAHQEKPNFIIKTPKGTRDLSPQHMVVREKILDLVISCFKRHGAKGMDTPAFELKETLTEKYGEDSGLMYDLKDQGGELLSLRYDLTVPFARYLAMNKVKKMKRYHVGKVWRRESPTIVQGRYREFCQCDFDIAGQFDPMIPDAECLKIMCEILSGLQLGDFLIKVNDRRIVDGMFAVCGVPESKFRAICSSIDKLDKMAWKDVRHEMVVKKGLAPEVADRIGDYVQCHGGVSLVEQMFQDPRLSQNKQALEGLGDLKLLFEYLTLFGIADKISFDLSLARGLDYYTGVIYEAVLLQTPTQAGEEPLNVGSVAAGGRYDGLVGMFDPKGHKVPCVGLSIGVERIFYIVEQRMKTKGEKVRTTETQVFVATPQKNFLQERLKLIAELWDSGIKAEMLYKNNPKLLTQLHYCESTGIPLVVIIGEQELKEGVIKIRSVASREEVAIKRENFVAEIQKRLSES,506
